label	plane	still_index	x	y	z	png
still	axial	40	127	40	127	/Users/jolaneabrams/Desktop/GitHub/MRART_Demo_Project/comparison/slices_mrart_sub-012322/still_axial_40.png
still	axial	50	127	50	127	/Users/jolaneabrams/Desktop/GitHub/MRART_Demo_Project/comparison/slices_mrart_sub-012322/still_axial_50.png
still	axial	60	127	60	127	/Users/jolaneabrams/Desktop/GitHub/MRART_Demo_Project/comparison/slices_mrart_sub-012322/still_axial_60.png
still	axial	70	127	70	127	/Users/jolaneabrams/Desktop/GitHub/MRART_Demo_Project/comparison/slices_mrart_sub-012322/still_axial_70.png
still	axial	80	127	80	127	/Users/jolaneabrams/Desktop/GitHub/MRART_Demo_Project/comparison/slices_mrart_sub-012322/still_axial_80.png
still	axial	90	127	90	127	/Users/jolaneabrams/Desktop/GitHub/MRART_Demo_Project/comparison/slices_mrart_sub-012322/still_axial_90.png
still	axial	100	127	100	127	/Users/jolaneabrams/Desktop/GitHub/MRART_Demo_Project/comparison/slices_mrart_sub-012322/still_axial_100.png
still	axial	110	127	110	127	/Users/jolaneabrams/Desktop/GitHub/MRART_Demo_Project/comparison/slices_mrart_sub-012322/still_axial_110.png
still	axial	120	127	120	127	/Users/jolaneabrams/Desktop/GitHub/MRART_Demo_Project/comparison/slices_mrart_sub-012322/still_axial_120.png
still	axial	130	127	130	127	/Users/jolaneabrams/Desktop/GitHub/MRART_Demo_Project/comparison/slices_mrart_sub-012322/still_axial_130.png
still	axial	140	127	140	127	/Users/jolaneabrams/Desktop/GitHub/MRART_Demo_Project/comparison/slices_mrart_sub-012322/still_axial_140.png
still	axial	150	127	150	127	/Users/jolaneabrams/Desktop/GitHub/MRART_Demo_Project/comparison/slices_mrart_sub-012322/still_axial_150.png
still	axial	160	127	160	127	/Users/jolaneabrams/Desktop/GitHub/MRART_Demo_Project/comparison/slices_mrart_sub-012322/still_axial_160.png
still	axial	170	127	170	127	/Users/jolaneabrams/Desktop/GitHub/MRART_Demo_Project/comparison/slices_mrart_sub-012322/still_axial_170.png
still	axial	180	127	180	127	/Users/jolaneabrams/Desktop/GitHub/MRART_Demo_Project/comparison/slices_mrart_sub-012322/still_axial_180.png
still	axial	190	127	190	127	/Users/jolaneabrams/Desktop/GitHub/MRART_Demo_Project/comparison/slices_mrart_sub-012322/still_axial_190.png
still	axial	200	127	200	127	/Users/jolaneabrams/Desktop/GitHub/MRART_Demo_Project/comparison/slices_mrart_sub-012322/still_axial_200.png
still	coronal	40	127	127	40	/Users/jolaneabrams/Desktop/GitHub/MRART_Demo_Project/comparison/slices_mrart_sub-012322/still_coronal_40.png
still	coronal	50	127	127	50	/Users/jolaneabrams/Desktop/GitHub/MRART_Demo_Project/comparison/slices_mrart_sub-012322/still_coronal_50.png
still	coronal	60	127	127	60	/Users/jolaneabrams/Desktop/GitHub/MRART_Demo_Project/comparison/slices_mrart_sub-012322/still_coronal_60.png
still	coronal	70	127	127	70	/Users/jolaneabrams/Desktop/GitHub/MRART_Demo_Project/comparison/slices_mrart_sub-012322/still_coronal_70.png
still	coronal	80	127	127	80	/Users/jolaneabrams/Desktop/GitHub/MRART_Demo_Project/comparison/slices_mrart_sub-012322/still_coronal_80.png
still	coronal	90	127	127	90	/Users/jolaneabrams/Desktop/GitHub/MRART_Demo_Project/comparison/slices_mrart_sub-012322/still_coronal_90.png
still	coronal	100	127	127	100	/Users/jolaneabrams/Desktop/GitHub/MRART_Demo_Project/comparison/slices_mrart_sub-012322/still_coronal_100.png
still	coronal	110	127	127	110	/Users/jolaneabrams/Desktop/GitHub/MRART_Demo_Project/comparison/slices_mrart_sub-012322/still_coronal_110.png
still	coronal	120	127	127	120	/Users/jolaneabrams/Desktop/GitHub/MRART_Demo_Project/comparison/slices_mrart_sub-012322/still_coronal_120.png
still	coronal	130	127	127	130	/Users/jolaneabrams/Desktop/GitHub/MRART_Demo_Project/comparison/slices_mrart_sub-012322/still_coronal_130.png
still	coronal	140	127	127	140	/Users/jolaneabrams/Desktop/GitHub/MRART_Demo_Project/comparison/slices_mrart_sub-012322/still_coronal_140.png
still	coronal	150	127	127	150	/Users/jolaneabrams/Desktop/GitHub/MRART_Demo_Project/comparison/slices_mrart_sub-012322/still_coronal_150.png
still	coronal	160	127	127	160	/Users/jolaneabrams/Desktop/GitHub/MRART_Demo_Project/comparison/slices_mrart_sub-012322/still_coronal_160.png
still	coronal	170	127	127	170	/Users/jolaneabrams/Desktop/GitHub/MRART_Demo_Project/comparison/slices_mrart_sub-012322/still_coronal_170.png
still	coronal	180	127	127	180	/Users/jolaneabrams/Desktop/GitHub/MRART_Demo_Project/comparison/slices_mrart_sub-012322/still_coronal_180.png
still	coronal	190	127	127	190	/Users/jolaneabrams/Desktop/GitHub/MRART_Demo_Project/comparison/slices_mrart_sub-012322/still_coronal_190.png
still	coronal	200	127	127	200	/Users/jolaneabrams/Desktop/GitHub/MRART_Demo_Project/comparison/slices_mrart_sub-012322/still_coronal_200.png
still	sagittal	40	40	127	127	/Users/jolaneabrams/Desktop/GitHub/MRART_Demo_Project/comparison/slices_mrart_sub-012322/still_sagittal_40.png
still	sagittal	50	50	127	127	/Users/jolaneabrams/Desktop/GitHub/MRART_Demo_Project/comparison/slices_mrart_sub-012322/still_sagittal_50.png
still	sagittal	60	60	127	127	/Users/jolaneabrams/Desktop/GitHub/MRART_Demo_Project/comparison/slices_mrart_sub-012322/still_sagittal_60.png
still	sagittal	70	70	127	127	/Users/jolaneabrams/Desktop/GitHub/MRART_Demo_Project/comparison/slices_mrart_sub-012322/still_sagittal_70.png
still	sagittal	80	80	127	127	/Users/jolaneabrams/Desktop/GitHub/MRART_Demo_Project/comparison/slices_mrart_sub-012322/still_sagittal_80.png
still	sagittal	90	90	127	127	/Users/jolaneabrams/Desktop/GitHub/MRART_Demo_Project/comparison/slices_mrart_sub-012322/still_sagittal_90.png
still	sagittal	100	100	127	127	/Users/jolaneabrams/Desktop/GitHub/MRART_Demo_Project/comparison/slices_mrart_sub-012322/still_sagittal_100.png
still	sagittal	110	110	127	127	/Users/jolaneabrams/Desktop/GitHub/MRART_Demo_Project/comparison/slices_mrart_sub-012322/still_sagittal_110.png
still	sagittal	120	120	127	127	/Users/jolaneabrams/Desktop/GitHub/MRART_Demo_Project/comparison/slices_mrart_sub-012322/still_sagittal_120.png
still	sagittal	130	130	127	127	/Users/jolaneabrams/Desktop/GitHub/MRART_Demo_Project/comparison/slices_mrart_sub-012322/still_sagittal_130.png
still	sagittal	140	140	127	127	/Users/jolaneabrams/Desktop/GitHub/MRART_Demo_Project/comparison/slices_mrart_sub-012322/still_sagittal_140.png
still	sagittal	150	150	127	127	/Users/jolaneabrams/Desktop/GitHub/MRART_Demo_Project/comparison/slices_mrart_sub-012322/still_sagittal_150.png
still	sagittal	160	160	127	127	/Users/jolaneabrams/Desktop/GitHub/MRART_Demo_Project/comparison/slices_mrart_sub-012322/still_sagittal_160.png
still	sagittal	170	170	127	127	/Users/jolaneabrams/Desktop/GitHub/MRART_Demo_Project/comparison/slices_mrart_sub-012322/still_sagittal_170.png
still	sagittal	180	180	127	127	/Users/jolaneabrams/Desktop/GitHub/MRART_Demo_Project/comparison/slices_mrart_sub-012322/still_sagittal_180.png
still	sagittal	190	190	127	127	/Users/jolaneabrams/Desktop/GitHub/MRART_Demo_Project/comparison/slices_mrart_sub-012322/still_sagittal_190.png
still	sagittal	200	200	127	127	/Users/jolaneabrams/Desktop/GitHub/MRART_Demo_Project/comparison/slices_mrart_sub-012322/still_sagittal_200.png
mld	axial	40	129	43	127	/Users/jolaneabrams/Desktop/GitHub/MRART_Demo_Project/comparison/slices_mrart_sub-012322/mld_axial_40.png
mld	axial	50	129	52	128	/Users/jolaneabrams/Desktop/GitHub/MRART_Demo_Project/comparison/slices_mrart_sub-012322/mld_axial_50.png
mld	axial	60	129	62	128	/Users/jolaneabrams/Desktop/GitHub/MRART_Demo_Project/comparison/slices_mrart_sub-012322/mld_axial_60.png
mld	axial	70	129	71	128	/Users/jolaneabrams/Desktop/GitHub/MRART_Demo_Project/comparison/slices_mrart_sub-012322/mld_axial_70.png
mld	axial	80	128	81	128	/Users/jolaneabrams/Desktop/GitHub/MRART_Demo_Project/comparison/slices_mrart_sub-012322/mld_axial_80.png
mld	axial	90	128	90	128	/Users/jolaneabrams/Desktop/GitHub/MRART_Demo_Project/comparison/slices_mrart_sub-012322/mld_axial_90.png
mld	axial	100	128	100	129	/Users/jolaneabrams/Desktop/GitHub/MRART_Demo_Project/comparison/slices_mrart_sub-012322/mld_axial_100.png
mld	axial	110	128	109	129	/Users/jolaneabrams/Desktop/GitHub/MRART_Demo_Project/comparison/slices_mrart_sub-012322/mld_axial_110.png
mld	axial	120	128	119	129	/Users/jolaneabrams/Desktop/GitHub/MRART_Demo_Project/comparison/slices_mrart_sub-012322/mld_axial_120.png
mld	axial	130	128	128	129	/Users/jolaneabrams/Desktop/GitHub/MRART_Demo_Project/comparison/slices_mrart_sub-012322/mld_axial_130.png
mld	axial	140	128	138	130	/Users/jolaneabrams/Desktop/GitHub/MRART_Demo_Project/comparison/slices_mrart_sub-012322/mld_axial_140.png
mld	axial	150	128	147	130	/Users/jolaneabrams/Desktop/GitHub/MRART_Demo_Project/comparison/slices_mrart_sub-012322/mld_axial_150.png
mld	axial	160	128	157	130	/Users/jolaneabrams/Desktop/GitHub/MRART_Demo_Project/comparison/slices_mrart_sub-012322/mld_axial_160.png
mld	axial	170	128	166	130	/Users/jolaneabrams/Desktop/GitHub/MRART_Demo_Project/comparison/slices_mrart_sub-012322/mld_axial_170.png
mld	axial	180	127	175	130	/Users/jolaneabrams/Desktop/GitHub/MRART_Demo_Project/comparison/slices_mrart_sub-012322/mld_axial_180.png
mld	axial	190	127	185	131	/Users/jolaneabrams/Desktop/GitHub/MRART_Demo_Project/comparison/slices_mrart_sub-012322/mld_axial_190.png
mld	axial	200	127	194	131	/Users/jolaneabrams/Desktop/GitHub/MRART_Demo_Project/comparison/slices_mrart_sub-012322/mld_axial_200.png
mld	coronal	40	134	128	41	/Users/jolaneabrams/Desktop/GitHub/MRART_Demo_Project/comparison/slices_mrart_sub-012322/mld_coronal_40.png
mld	coronal	50	134	127	51	/Users/jolaneabrams/Desktop/GitHub/MRART_Demo_Project/comparison/slices_mrart_sub-012322/mld_coronal_50.png
mld	coronal	60	133	127	61	/Users/jolaneabrams/Desktop/GitHub/MRART_Demo_Project/comparison/slices_mrart_sub-012322/mld_coronal_60.png
mld	coronal	70	132	127	71	/Users/jolaneabrams/Desktop/GitHub/MRART_Demo_Project/comparison/slices_mrart_sub-012322/mld_coronal_70.png
mld	coronal	80	131	127	81	/Users/jolaneabrams/Desktop/GitHub/MRART_Demo_Project/comparison/slices_mrart_sub-012322/mld_coronal_80.png
mld	coronal	90	131	126	92	/Users/jolaneabrams/Desktop/GitHub/MRART_Demo_Project/comparison/slices_mrart_sub-012322/mld_coronal_90.png
mld	coronal	100	130	126	102	/Users/jolaneabrams/Desktop/GitHub/MRART_Demo_Project/comparison/slices_mrart_sub-012322/mld_coronal_100.png
mld	coronal	110	129	126	112	/Users/jolaneabrams/Desktop/GitHub/MRART_Demo_Project/comparison/slices_mrart_sub-012322/mld_coronal_110.png
mld	coronal	120	129	125	122	/Users/jolaneabrams/Desktop/GitHub/MRART_Demo_Project/comparison/slices_mrart_sub-012322/mld_coronal_120.png
mld	coronal	130	128	125	132	/Users/jolaneabrams/Desktop/GitHub/MRART_Demo_Project/comparison/slices_mrart_sub-012322/mld_coronal_130.png
mld	coronal	140	127	125	143	/Users/jolaneabrams/Desktop/GitHub/MRART_Demo_Project/comparison/slices_mrart_sub-012322/mld_coronal_140.png
mld	coronal	150	126	125	153	/Users/jolaneabrams/Desktop/GitHub/MRART_Demo_Project/comparison/slices_mrart_sub-012322/mld_coronal_150.png
mld	coronal	160	126	124	163	/Users/jolaneabrams/Desktop/GitHub/MRART_Demo_Project/comparison/slices_mrart_sub-012322/mld_coronal_160.png
mld	coronal	170	125	124	173	/Users/jolaneabrams/Desktop/GitHub/MRART_Demo_Project/comparison/slices_mrart_sub-012322/mld_coronal_170.png
mld	coronal	180	124	124	183	/Users/jolaneabrams/Desktop/GitHub/MRART_Demo_Project/comparison/slices_mrart_sub-012322/mld_coronal_180.png
mld	coronal	190	123	123	194	/Users/jolaneabrams/Desktop/GitHub/MRART_Demo_Project/comparison/slices_mrart_sub-012322/mld_coronal_190.png
mld	coronal	200	123	123	204	/Users/jolaneabrams/Desktop/GitHub/MRART_Demo_Project/comparison/slices_mrart_sub-012322/mld_coronal_200.png
mld	sagittal	40	43	125	122	/Users/jolaneabrams/Desktop/GitHub/MRART_Demo_Project/comparison/slices_mrart_sub-012322/mld_sagittal_40.png
mld	sagittal	50	53	125	123	/Users/jolaneabrams/Desktop/GitHub/MRART_Demo_Project/comparison/slices_mrart_sub-012322/mld_sagittal_50.png
mld	sagittal	60	63	125	124	/Users/jolaneabrams/Desktop/GitHub/MRART_Demo_Project/comparison/slices_mrart_sub-012322/mld_sagittal_60.png
mld	sagittal	70	72	125	125	/Users/jolaneabrams/Desktop/GitHub/MRART_Demo_Project/comparison/slices_mrart_sub-012322/mld_sagittal_70.png
mld	sagittal	80	82	125	126	/Users/jolaneabrams/Desktop/GitHub/MRART_Demo_Project/comparison/slices_mrart_sub-012322/mld_sagittal_80.png
mld	sagittal	90	92	125	126	/Users/jolaneabrams/Desktop/GitHub/MRART_Demo_Project/comparison/slices_mrart_sub-012322/mld_sagittal_90.png
mld	sagittal	100	102	125	127	/Users/jolaneabrams/Desktop/GitHub/MRART_Demo_Project/comparison/slices_mrart_sub-012322/mld_sagittal_100.png
mld	sagittal	110	111	125	128	/Users/jolaneabrams/Desktop/GitHub/MRART_Demo_Project/comparison/slices_mrart_sub-012322/mld_sagittal_110.png
mld	sagittal	120	121	125	129	/Users/jolaneabrams/Desktop/GitHub/MRART_Demo_Project/comparison/slices_mrart_sub-012322/mld_sagittal_120.png
mld	sagittal	130	131	125	129	/Users/jolaneabrams/Desktop/GitHub/MRART_Demo_Project/comparison/slices_mrart_sub-012322/mld_sagittal_130.png
mld	sagittal	140	141	125	130	/Users/jolaneabrams/Desktop/GitHub/MRART_Demo_Project/comparison/slices_mrart_sub-012322/mld_sagittal_140.png
mld	sagittal	150	150	125	131	/Users/jolaneabrams/Desktop/GitHub/MRART_Demo_Project/comparison/slices_mrart_sub-012322/mld_sagittal_150.png
mld	sagittal	160	160	125	132	/Users/jolaneabrams/Desktop/GitHub/MRART_Demo_Project/comparison/slices_mrart_sub-012322/mld_sagittal_160.png
mld	sagittal	170	170	126	133	/Users/jolaneabrams/Desktop/GitHub/MRART_Demo_Project/comparison/slices_mrart_sub-012322/mld_sagittal_170.png
mld	sagittal	180	180	126	133	/Users/jolaneabrams/Desktop/GitHub/MRART_Demo_Project/comparison/slices_mrart_sub-012322/mld_sagittal_180.png
mld	sagittal	190	189	126	134	/Users/jolaneabrams/Desktop/GitHub/MRART_Demo_Project/comparison/slices_mrart_sub-012322/mld_sagittal_190.png
mld	sagittal	200	199	126	135	/Users/jolaneabrams/Desktop/GitHub/MRART_Demo_Project/comparison/slices_mrart_sub-012322/mld_sagittal_200.png
mod	axial	40	125	39	127	/Users/jolaneabrams/Desktop/GitHub/MRART_Demo_Project/comparison/slices_mrart_sub-012322/mod_axial_40.png
mod	axial	50	125	49	126	/Users/jolaneabrams/Desktop/GitHub/MRART_Demo_Project/comparison/slices_mrart_sub-012322/mod_axial_50.png
mod	axial	60	126	58	126	/Users/jolaneabrams/Desktop/GitHub/MRART_Demo_Project/comparison/slices_mrart_sub-012322/mod_axial_60.png
mod	axial	70	126	68	126	/Users/jolaneabrams/Desktop/GitHub/MRART_Demo_Project/comparison/slices_mrart_sub-012322/mod_axial_70.png
mod	axial	80	126	77	125	/Users/jolaneabrams/Desktop/GitHub/MRART_Demo_Project/comparison/slices_mrart_sub-012322/mod_axial_80.png
mod	axial	90	127	87	125	/Users/jolaneabrams/Desktop/GitHub/MRART_Demo_Project/comparison/slices_mrart_sub-012322/mod_axial_90.png
mod	axial	100	127	97	125	/Users/jolaneabrams/Desktop/GitHub/MRART_Demo_Project/comparison/slices_mrart_sub-012322/mod_axial_100.png
mod	axial	110	127	106	125	/Users/jolaneabrams/Desktop/GitHub/MRART_Demo_Project/comparison/slices_mrart_sub-012322/mod_axial_110.png
mod	axial	120	128	116	124	/Users/jolaneabrams/Desktop/GitHub/MRART_Demo_Project/comparison/slices_mrart_sub-012322/mod_axial_120.png
mod	axial	130	128	126	124	/Users/jolaneabrams/Desktop/GitHub/MRART_Demo_Project/comparison/slices_mrart_sub-012322/mod_axial_130.png
mod	axial	140	128	135	124	/Users/jolaneabrams/Desktop/GitHub/MRART_Demo_Project/comparison/slices_mrart_sub-012322/mod_axial_140.png
mod	axial	150	129	145	123	/Users/jolaneabrams/Desktop/GitHub/MRART_Demo_Project/comparison/slices_mrart_sub-012322/mod_axial_150.png
mod	axial	160	129	155	123	/Users/jolaneabrams/Desktop/GitHub/MRART_Demo_Project/comparison/slices_mrart_sub-012322/mod_axial_160.png
mod	axial	170	129	164	123	/Users/jolaneabrams/Desktop/GitHub/MRART_Demo_Project/comparison/slices_mrart_sub-012322/mod_axial_170.png
mod	axial	180	130	174	122	/Users/jolaneabrams/Desktop/GitHub/MRART_Demo_Project/comparison/slices_mrart_sub-012322/mod_axial_180.png
mod	axial	190	130	183	122	/Users/jolaneabrams/Desktop/GitHub/MRART_Demo_Project/comparison/slices_mrart_sub-012322/mod_axial_190.png
mod	axial	200	130	193	122	/Users/jolaneabrams/Desktop/GitHub/MRART_Demo_Project/comparison/slices_mrart_sub-012322/mod_axial_200.png
mod	coronal	40	131	121	33	/Users/jolaneabrams/Desktop/GitHub/MRART_Demo_Project/comparison/slices_mrart_sub-012322/mod_coronal_40.png
mod	coronal	50	130	121	44	/Users/jolaneabrams/Desktop/GitHub/MRART_Demo_Project/comparison/slices_mrart_sub-012322/mod_coronal_50.png
mod	coronal	60	130	121	54	/Users/jolaneabrams/Desktop/GitHub/MRART_Demo_Project/comparison/slices_mrart_sub-012322/mod_coronal_60.png
mod	coronal	70	130	122	65	/Users/jolaneabrams/Desktop/GitHub/MRART_Demo_Project/comparison/slices_mrart_sub-012322/mod_coronal_70.png
mod	coronal	80	129	122	75	/Users/jolaneabrams/Desktop/GitHub/MRART_Demo_Project/comparison/slices_mrart_sub-012322/mod_coronal_80.png
mod	coronal	90	129	122	85	/Users/jolaneabrams/Desktop/GitHub/MRART_Demo_Project/comparison/slices_mrart_sub-012322/mod_coronal_90.png
mod	coronal	100	129	122	96	/Users/jolaneabrams/Desktop/GitHub/MRART_Demo_Project/comparison/slices_mrart_sub-012322/mod_coronal_100.png
mod	coronal	110	128	122	106	/Users/jolaneabrams/Desktop/GitHub/MRART_Demo_Project/comparison/slices_mrart_sub-012322/mod_coronal_110.png
mod	coronal	120	128	123	117	/Users/jolaneabrams/Desktop/GitHub/MRART_Demo_Project/comparison/slices_mrart_sub-012322/mod_coronal_120.png
mod	coronal	130	128	123	127	/Users/jolaneabrams/Desktop/GitHub/MRART_Demo_Project/comparison/slices_mrart_sub-012322/mod_coronal_130.png
mod	coronal	140	127	123	138	/Users/jolaneabrams/Desktop/GitHub/MRART_Demo_Project/comparison/slices_mrart_sub-012322/mod_coronal_140.png
mod	coronal	150	127	123	148	/Users/jolaneabrams/Desktop/GitHub/MRART_Demo_Project/comparison/slices_mrart_sub-012322/mod_coronal_150.png
mod	coronal	160	127	123	158	/Users/jolaneabrams/Desktop/GitHub/MRART_Demo_Project/comparison/slices_mrart_sub-012322/mod_coronal_160.png
mod	coronal	170	126	124	169	/Users/jolaneabrams/Desktop/GitHub/MRART_Demo_Project/comparison/slices_mrart_sub-012322/mod_coronal_170.png
mod	coronal	180	126	124	179	/Users/jolaneabrams/Desktop/GitHub/MRART_Demo_Project/comparison/slices_mrart_sub-012322/mod_coronal_180.png
mod	coronal	190	126	124	190	/Users/jolaneabrams/Desktop/GitHub/MRART_Demo_Project/comparison/slices_mrart_sub-012322/mod_coronal_190.png
mod	coronal	200	125	124	200	/Users/jolaneabrams/Desktop/GitHub/MRART_Demo_Project/comparison/slices_mrart_sub-012322/mod_coronal_200.png
mod	sagittal	40	41	122	120	/Users/jolaneabrams/Desktop/GitHub/MRART_Demo_Project/comparison/slices_mrart_sub-012322/mod_sagittal_40.png
mod	sagittal	50	51	122	120	/Users/jolaneabrams/Desktop/GitHub/MRART_Demo_Project/comparison/slices_mrart_sub-012322/mod_sagittal_50.png
mod	sagittal	60	61	122	121	/Users/jolaneabrams/Desktop/GitHub/MRART_Demo_Project/comparison/slices_mrart_sub-012322/mod_sagittal_60.png
mod	sagittal	70	71	122	121	/Users/jolaneabrams/Desktop/GitHub/MRART_Demo_Project/comparison/slices_mrart_sub-012322/mod_sagittal_70.png
mod	sagittal	80	81	122	122	/Users/jolaneabrams/Desktop/GitHub/MRART_Demo_Project/comparison/slices_mrart_sub-012322/mod_sagittal_80.png
mod	sagittal	90	91	123	122	/Users/jolaneabrams/Desktop/GitHub/MRART_Demo_Project/comparison/slices_mrart_sub-012322/mod_sagittal_90.png
mod	sagittal	100	101	123	123	/Users/jolaneabrams/Desktop/GitHub/MRART_Demo_Project/comparison/slices_mrart_sub-012322/mod_sagittal_100.png
mod	sagittal	110	111	123	123	/Users/jolaneabrams/Desktop/GitHub/MRART_Demo_Project/comparison/slices_mrart_sub-012322/mod_sagittal_110.png
mod	sagittal	120	121	123	124	/Users/jolaneabrams/Desktop/GitHub/MRART_Demo_Project/comparison/slices_mrart_sub-012322/mod_sagittal_120.png
mod	sagittal	130	131	123	124	/Users/jolaneabrams/Desktop/GitHub/MRART_Demo_Project/comparison/slices_mrart_sub-012322/mod_sagittal_130.png
mod	sagittal	140	141	123	125	/Users/jolaneabrams/Desktop/GitHub/MRART_Demo_Project/comparison/slices_mrart_sub-012322/mod_sagittal_140.png
mod	sagittal	150	151	123	125	/Users/jolaneabrams/Desktop/GitHub/MRART_Demo_Project/comparison/slices_mrart_sub-012322/mod_sagittal_150.png
mod	sagittal	160	161	123	126	/Users/jolaneabrams/Desktop/GitHub/MRART_Demo_Project/comparison/slices_mrart_sub-012322/mod_sagittal_160.png
mod	sagittal	170	171	123	126	/Users/jolaneabrams/Desktop/GitHub/MRART_Demo_Project/comparison/slices_mrart_sub-012322/mod_sagittal_170.png
mod	sagittal	180	181	123	127	/Users/jolaneabrams/Desktop/GitHub/MRART_Demo_Project/comparison/slices_mrart_sub-012322/mod_sagittal_180.png
mod	sagittal	190	191	123	127	/Users/jolaneabrams/Desktop/GitHub/MRART_Demo_Project/comparison/slices_mrart_sub-012322/mod_sagittal_190.png
mod	sagittal	200	201	123	128	/Users/jolaneabrams/Desktop/GitHub/MRART_Demo_Project/comparison/slices_mrart_sub-012322/mod_sagittal_200.png
