Measure:volume,Left-Lateral-Ventricle,Left-Inf-Lat-Vent,Left-Cerebellum-White-Matter,Left-Cerebellum-Cortex,Left-Thalamus,Left-Caudate,Left-Putamen,Left-Pallidum,3rd-Ventricle,4th-Ventricle,Brain-Stem,Left-Hippocampus,Left-Amygdala,CSF,Left-Accumbens-area,Left-VentralDC,Left-vessel,Left-choroid-plexus,Right-Lateral-Ventricle,Right-Inf-Lat-Vent,Right-Cerebellum-White-Matter,Right-Cerebellum-Cortex,Right-Thalamus,Right-Caudate,Right-Putamen,Right-Pallidum,Right-Hippocampus,Right-Amygdala,Right-Accumbens-area,Right-VentralDC,Right-vessel,Right-choroid-plexus,5th-Ventricle,WM-hypointensities,Left-WM-hypointensities,Right-WM-hypointensities,non-WM-hypointensities,Left-non-WM-hypointensities,Right-non-WM-hypointensities,Optic-Chiasm,CC_Posterior,CC_Mid_Posterior,CC_Central,CC_Mid_Anterior,CC_Anterior,BrainSegVol,BrainSegVolNotVent,lhCortexVol,rhCortexVol,CortexVol,lhCerebralWhiteMatterVol,rhCerebralWhiteMatterVol,CerebralWhiteMatterVol,SubCortGrayVol,TotalGrayVol,SupraTentorialVol,SupraTentorialVolNotVent,MaskVol,BrainSegVol-to-eTIV,MaskVol-to-eTIV,lhSurfaceHoles,rhSurfaceHoles,SurfaceHoles,EstimatedTotalIntraCranialVol,SegmentedTotalIntracranialVol
mrart_sub-000103_acq-standard_T1w,5263.0,780.9,16275.9,57329.8,8234.9,4021.2,5893.2,1940.3,757.5,2721.3,22565.3,4848.4,2143.5,287650.1,776.2,4426.4,0.0,0.0,5257.3,834.8,16230.0,56724.3,8325.1,4277.5,5950.9,1887.7,4760.0,2049.9,704.4,4455.6,0.0,0.0,0.0,63.8,0.0,0.0,0.0,0.0,0.0,0.0,1103.7,563.7,851.8,552.0,1374.9,1525982.0,1216003.0,260850.948106,261744.563377,522595.511483,252784.5,252976.5,505761.0,67725.0,708311.511483,1377151.0,1067172.0,1606768.0,0.91281,0.961135,20.0,20.0,40.0,1671740.219276,1585052.4
mrart_sub-000148_acq-standard_T1w,3972.5,539.2,16212.2,52661.9,7254.4,3610.6,5338.9,1606.0,621.9,1461.5,20489.2,4290.9,1664.8,245081.0,654.7,3642.6,0.0,0.0,4160.1,500.7,16629.1,53817.3,6752.7,3718.9,5223.6,1512.9,4462.0,1741.1,687.6,3750.6,0.0,0.0,0.0,39.4,0.0,0.0,0.0,0.0,0.0,0.0,1028.4,583.3,838.3,751.4,960.7,1297431.0,1033302.0,215780.660837,215032.734498,430813.395335,208033.5,208136.5,416170.0,58125.0,600057.395335,1155200.0,891071.0,1380863.0,0.935294,0.995439,13.0,6.0,19.0,1387190.147887,1362294.9
mrart_sub-000149_acq-standard_T1w,10857.2,612.0,16417.5,47002.9,7162.4,3294.7,5314.6,1618.5,794.4,2150.4,20873.2,4286.0,1770.5,321943.0,531.7,3769.8,0.0,0.0,8603.6,584.2,15965.0,48179.1,6857.1,3529.4,5093.5,1436.1,4635.2,1886.5,595.1,3897.0,0.0,0.0,0.0,104.2,0.0,0.0,0.0,0.0,0.0,0.0,1245.5,764.0,1089.2,561.8,1286.7,1502890.0,1152713.0,231957.255562,233519.135636,465476.391199,254311.0,259681.0,513992.0,58624.0,623301.391199,1372965.0,1022788.0,1577152.0,0.908513,0.953406,8.0,12.0,20.0,1654229.758633,1568213.9
mrart_sub-000159_acq-standard_T1w,4821.6,436.0,16102.2,51734.9,7584.7,3953.8,6142.9,1936.6,715.5,1305.1,21466.3,4723.2,1773.6,255737.4,685.4,4257.4,0.0,0.0,4448.6,439.7,16347.9,52625.4,7398.8,4036.0,5902.6,1869.6,4339.6,2004.4,755.2,4325.9,0.0,0.0,0.0,623.2,0.0,0.0,0.0,0.0,0.0,0.0,928.2,519.4,767.3,753.5,680.6,1483070.0,1205417.0,262904.352166,259479.615692,522383.967859,251354.0,251356.0,502710.0,64281.0,694471.967859,1344134.0,1066481.0,1557941.0,0.905564,0.95128,9.0,10.0,19.0,1637731.187565,1545201.6
mrart_sub-000175_acq-standard_T1w,12919.8,659.6,17117.8,58296.1,8608.9,4368.3,6045.4,1958.0,1113.9,2689.1,23583.1,4320.7,2011.8,407666.8,756.4,4204.6,0.0,0.0,14353.8,584.9,17195.0,57532.9,7913.9,4326.1,6009.7,1872.8,4611.4,1912.5,743.5,4409.7,0.0,0.0,0.0,244.0,0.0,0.0,0.0,0.0,0.0,0.0,919.8,521.3,728.3,496.1,1195.6,1673860.0,1230996.0,260822.987334,257872.714743,518695.702077,255584.5,255658.5,511243.0,66885.0,706217.702077,1520541.0,1077677.0,1736774.0,0.941106,0.976478,6.0,9.0,15.0,1778610.241325,1738631.4
mrart_sub-000179_acq-standard_T1w,11430.3,692.9,19565.0,53912.0,7348.4,3565.0,5777.8,1793.9,866.6,2631.1,23078.1,3846.7,1581.3,349065.6,639.9,4071.5,0.0,0.0,9837.3,557.4,19998.9,53795.4,7011.9,3594.9,5893.8,1692.4,4018.0,1665.1,646.0,4116.4,0.0,0.0,0.0,33.6,0.0,0.0,0.0,0.0,0.0,0.0,943.5,600.4,777.4,556.7,1318.0,1483015.0,1101639.0,207832.774579,210429.205911,418261.980489,243868.0,246184.0,490052.0,60094.0,591302.980489,1332510.0,951134.0,1582878.0,0.934368,0.997286,8.0,11.0,19.0,1587185.882606,1543859.8
mrart_sub-000183_acq-standard_T1w,10119.4,729.7,19444.3,64603.8,7411.2,4084.2,6135.7,1984.0,1434.6,3643.2,24971.1,4892.3,2196.5,365375.3,756.9,4344.8,0.0,0.0,11805.7,723.6,19629.8,66009.7,7322.2,4306.0,6187.6,1860.6,4850.8,2336.4,742.2,4497.1,0.0,0.0,0.0,500.5,0.0,0.0,0.0,0.0,0.0,0.0,764.9,454.7,689.2,386.0,1020.6,1633397.0,1240208.0,268695.435823,270725.96423,539421.400053,244381.5,247408.5,491790.0,66636.0,741145.400053,1460835.0,1067646.0,1712141.0,0.923266,0.967775,54.0,74.0,128.0,1769151.611294,1696427.2
mrart_sub-003617_acq-standard_T1w,6765.9,633.8,16710.9,49522.5,6421.4,3837.9,4991.0,1707.3,1203.1,2777.9,21379.2,4352.0,1723.4,317922.7,572.7,3722.7,0.0,0.0,6898.3,552.5,16915.2,51636.0,6094.4,3760.7,4985.3,1629.9,4432.2,1781.4,632.9,3914.7,0.0,0.0,0.0,161.3,0.0,0.0,0.0,0.0,0.0,0.0,923.6,480.4,755.8,462.0,1048.7,1377068.0,1035973.0,201872.509562,200844.732732,402717.242294,231810.0,231041.0,462851.0,57090.0,565396.242294,1239338.0,898243.0,1429318.0,0.933441,0.968858,12.0,13.0,25.0,1475259.864876,1428722.8
mrart_sub-009673_acq-standard_T1w,7992.8,429.4,17955.5,50596.8,6767.5,4006.8,5049.9,1526.8,761.5,2032.7,19984.6,4495.0,1930.7,298235.1,605.3,3831.0,0.0,0.0,8469.0,517.8,18053.4,51563.9,6840.8,3956.7,4854.5,1605.4,4684.8,2149.0,552.0,3897.7,0.0,0.0,0.0,22.0,0.0,0.0,0.0,0.0,0.0,0.0,1082.8,512.7,489.0,464.5,1062.4,1480362.0,1158436.0,252294.243489,249902.45339,502196.696879,236057.0,238462.0,474519.0,59488.0,668113.696879,1339577.0,1017651.0,1586491.0,0.904198,0.969021,7.0,7.0,14.0,1637210.410853,1544236.1
mrart_sub-010769_acq-standard_T1w,6913.6,646.1,16993.4,57627.9,8143.5,4012.9,6123.0,1789.0,1135.7,3462.7,22723.8,4218.7,1831.9,336319.0,683.9,4602.6,0.0,0.0,6173.4,876.7,16962.2,56439.1,8155.7,4182.5,6239.5,1763.3,4464.7,1907.0,626.8,4789.5,0.0,0.0,0.0,22.1,0.0,0.0,0.0,0.0,0.0,0.0,1003.1,615.7,765.8,464.2,1211.7,1572745.0,1212520.0,257823.298095,255242.835077,513066.133171,251469.5,252521.5,503991.0,66812.0,697796.133171,1422363.0,1062138.0,1649806.0,0.927145,0.972573,6.0,9.0,15.0,1696330.411823,1635084.5
mrart_sub-012059_acq-standard_T1w,7601.3,582.7,15939.8,48909.4,6910.0,4136.8,5237.8,1691.5,802.1,1523.6,18415.5,3795.8,1765.4,251799.7,605.5,3990.2,0.0,0.0,6560.7,407.9,15724.4,48087.4,7152.7,4217.6,5087.9,1576.3,3912.3,1765.3,558.4,3793.7,0.0,0.0,0.0,50.2,0.0,0.0,0.0,0.0,0.0,0.0,1142.6,612.9,900.3,843.9,841.2,1379091.0,1104368.0,234068.53541,231661.570817,465730.106227,233622.5,232579.5,466202.0,59029.0,625777.106227,1247918.0,973195.0,1447872.0,0.9131,0.95864,11.0,11.0,22.0,1510339.222767,1438955.6
mrart_sub-012322_acq-standard_T1w,8341.9,776.1,18853.9,57067.8,7752.7,3680.5,5310.2,1930.2,765.0,2507.7,23114.7,3682.3,1600.2,301284.3,656.4,3951.9,0.0,0.0,5684.5,509.7,18532.9,59716.8,7570.3,4001.3,5320.7,1730.8,4255.0,1713.8,644.0,4139.8,0.0,0.0,0.0,38.4,0.0,0.0,0.0,0.0,0.0,0.0,834.0,510.2,625.5,419.2,952.2,1501380.0,1179903.0,244904.925124,247124.633925,492029.55905,246059.0,247541.0,493600.0,60934.0,673369.55905,1345266.0,1023789.0,1626911.0,0.900228,0.975497,6.0,8.0,14.0,1667777.291292,1559026.5
mrart_sub-016504_acq-standard_T1w,14061.1,898.6,17504.7,54446.7,8636.9,4485.8,5637.3,1902.7,1062.0,2884.5,22294.6,4066.4,1770.4,325845.4,588.3,4136.0,0.0,0.0,11155.0,786.9,17354.5,53620.6,8374.8,4672.3,5706.3,1823.9,4351.9,1717.6,608.7,4399.5,0.0,0.0,0.0,78.8,0.0,0.0,0.0,0.0,0.0,0.0,904.1,494.6,622.1,504.0,1130.3,1604992.0,1243977.0,270055.496769,267920.160367,537975.657136,255610.0,253757.0,509367.0,65913.0,715840.657136,1460008.0,1098993.0,1703778.0,0.912197,0.968342,8.0,6.0,14.0,1759480.044273,1678801.5
mrart_sub-067018_acq-standard_T1w,8478.2,605.3,18683.7,60496.0,7671.5,4314.2,5734.8,1894.7,731.0,2485.5,20511.0,4126.8,1766.8,284721.1,663.1,4026.5,0.0,0.0,5476.6,675.1,18243.7,58492.5,7274.6,4225.7,5519.5,1830.4,4445.9,1824.9,620.5,4169.2,0.0,0.0,0.0,50.4,0.0,0.0,0.0,0.0,0.0,0.0,980.0,545.3,903.6,533.2,1154.0,1499271.0,1195369.0,257208.027192,258661.073399,515869.100591,238009.0,236804.0,474813.0,62937.0,701838.100591,1341099.0,1037197.0,1582764.0,0.916002,0.967013,14.0,7.0,21.0,1636754.879893,1571835.8
mrart_sub-089207_acq-standard_T1w,19539.3,851.4,17234.0,51710.2,8104.3,4344.8,6330.2,1965.2,1005.0,2023.4,22327.9,4459.8,1884.6,344776.3,664.8,4330.3,0.0,0.0,39767.1,950.3,17531.5,50547.8,7805.8,4538.8,6145.0,1804.3,4250.6,1919.1,660.1,4481.7,0.0,0.0,0.0,18.9,0.0,0.0,0.0,0.0,0.0,0.0,1249.0,334.2,593.2,458.3,1330.9,1678646.0,1262726.0,271484.416888,264644.255352,536128.67224,268949.5,273128.5,542078.0,66717.0,710316.67224,1538126.0,1122206.0,1757606.0,0.91582,0.958898,21.0,10.0,31.0,1832943.110936,1742008.8
mrart_sub-105822_acq-standard_T1w,11213.8,683.9,17129.5,54801.4,6617.8,3033.4,4472.7,1534.0,1319.4,2090.0,22798.0,3820.6,1551.2,309053.7,484.3,3660.5,0.0,0.0,8469.3,784.6,16415.1,52453.7,6223.6,3084.9,4436.6,1453.3,3941.0,1548.9,543.8,4067.6,0.0,0.0,0.0,76.2,0.0,0.0,0.0,0.0,0.0,0.0,829.2,461.0,567.0,384.5,860.9,1326007.0,990593.0,198585.892639,197085.382869,395671.275508,208644.5,207454.5,416099.0,52969.0,559532.275508,1182669.0,847255.0,1385552.0,0.926548,0.968155,9.0,8.0,17.0,1431126.502624,1381348.8
mrart_sub-107738_acq-standard_T1w,13984.5,1060.7,19813.8,60421.0,8243.7,4945.3,6137.5,2044.6,1656.1,2403.6,21893.9,5129.8,2138.7,414486.7,666.8,4369.2,0.0,0.0,13079.2,828.2,19059.7,61609.2,8417.7,5089.4,6166.0,1879.2,5257.5,2037.8,662.7,4286.9,0.0,0.0,0.0,37.7,0.0,0.0,0.0,0.0,0.0,0.0,909.3,535.9,750.1,507.9,1227.5,1784317.0,1335401.0,269542.776541,267436.909671,536979.686211,291681.5,294406.5,586088.0,70355.0,733773.686211,1620579.0,1171663.0,1842195.0,0.934177,0.964479,11.0,9.0,20.0,1910041.147192,1857537.5
mrart_sub-108142_acq-standard_T1w,7684.0,490.0,18554.8,61289.5,7855.9,4042.0,5730.5,1873.1,1071.9,1984.1,23827.8,4487.3,1916.6,326339.3,621.8,4837.2,0.0,0.0,7390.9,531.9,18928.4,61270.4,8320.4,4027.5,5739.1,1706.4,4555.9,1826.7,602.6,4732.2,0.0,0.0,0.0,11.3,0.0,0.0,0.0,0.0,0.0,0.0,911.7,456.8,714.4,424.1,1168.3,1566393.0,1217450.0,263850.8424,261768.105996,525618.948396,238516.5,241358.5,479875.0,65560.0,717412.948396,1404069.0,1055126.0,1660389.0,0.924258,0.97972,9.0,7.0,16.0,1694758.212991,1637937.2
mrart_sub-118003_acq-standard_T1w,4526.8,437.2,15762.1,46891.6,7356.7,3167.8,5107.1,1624.2,641.9,1372.7,20882.4,4410.7,1854.8,241763.9,512.2,3698.7,0.0,0.0,4554.1,543.8,15215.1,47260.3,6940.5,3324.7,4983.9,1480.1,4259.0,1878.4,617.8,4081.1,0.0,0.0,0.0,92.4,0.0,0.0,0.0,0.0,0.0,0.0,1074.9,649.8,963.4,835.1,997.4,1318611.0,1058810.0,217652.915586,217550.549176,435203.464762,229659.5,227142.5,456802.0,58008.0,591682.464762,1190558.0,930757.0,1395285.0,0.913396,0.966508,7.0,5.0,12.0,1443635.246551,1374292.4
mrart_sub-122916_acq-standard_T1w,5555.4,452.6,15583.1,49463.0,7264.1,3279.6,5130.4,1776.0,656.3,1460.0,20001.1,4041.6,1601.6,267608.1,514.2,4099.4,0.0,0.0,5710.6,602.1,15257.6,50090.4,6923.1,3382.8,5148.8,1690.0,4001.1,1679.2,538.3,4114.3,0.0,0.0,0.0,172.8,0.0,0.0,0.0,0.0,0.0,0.0,895.2,540.9,732.6,652.6,838.2,1338830.0,1054572.0,226580.520468,226982.27523,453562.795698,211088.5,212376.5,423465.0,58085.0,615544.795698,1205530.0,921272.0,1431728.0,0.913423,0.976803,8.0,9.0,17.0,1465727.798816,1398043.6
mrart_sub-000103_acq-headmotion1_T1w,5294.4,859.7,16363.4,56218.7,8314.3,4059.8,6026.6,1955.4,769.3,2648.4,22852.3,4780.1,2156.4,291821.2,714.7,4287.7,0.0,0.0,5338.0,850.1,16454.8,56453.7,8410.0,4271.9,5910.3,1906.6,4699.1,1960.2,639.4,4515.9,0.0,0.0,0.0,4.9,0.0,0.0,0.0,0.0,0.0,0.0,1072.9,573.7,734.5,546.6,1268.3,1519712.0,1204540.0,259898.858803,255321.067071,515219.925874,250372.5,252166.5,502539.0,67547.0,699355.925874,1371995.0,1056823.0,1607484.0,0.908402,0.960868,15.0,19.0,34.0,1672950.172906,1584770.8
mrart_sub-000103_acq-headmotion2_T1w,5303.6,871.8,16410.7,56102.6,8331.2,3979.2,5919.0,1879.1,786.5,2906.6,22451.5,4933.1,2042.9,290733.7,615.9,4585.9,0.0,0.0,5440.7,884.8,16391.3,56491.5,8278.0,4220.8,5951.4,1911.9,4789.0,1761.7,561.9,4623.1,0.0,0.0,0.0,63.3,0.0,0.0,0.0,0.0,0.0,0.0,1067.6,561.3,814.6,542.8,1383.1,1491623.0,1177888.0,253020.507747,248667.633479,501688.141227,243135.0,243116.0,486251.0,66680.0,684431.141227,1343971.0,1030236.0,1605396.0,0.897503,0.96596,40.0,23.0,63.0,1661969.917205,1577564.9
mrart_sub-000148_acq-headmotion1_T1w,4081.5,501.2,16269.5,52740.9,7521.5,3664.3,5364.7,1538.0,592.8,1556.2,20479.8,4469.0,1720.6,249550.8,619.3,3825.0,0.0,0.0,4162.2,532.7,16721.5,53164.0,6923.1,3631.1,5257.0,1468.1,4491.9,1778.2,660.6,4021.5,0.0,0.0,0.0,63.7,0.0,0.0,0.0,0.0,0.0,0.0,1017.0,587.6,713.9,607.7,1010.8,1287349.0,1017036.0,208729.684464,209866.951034,418596.635498,205051.0,206980.0,412031.0,58783.0,587638.635498,1145563.0,875250.0,1377299.0,0.926937,0.991704,29.0,17.0,46.0,1388821.048789,1363195.1
mrart_sub-000148_acq-headmotion2_T1w,4052.6,517.1,16693.2,52565.8,7452.0,3642.2,5654.0,1541.4,582.2,1454.4,20820.1,4412.1,1651.5,248546.5,670.7,3727.7,0.0,0.0,4206.4,560.0,16755.5,53503.5,7029.4,3673.9,5223.4,1375.3,4474.3,1630.7,642.0,3720.0,0.0,0.0,0.0,41.1,0.0,0.0,0.0,0.0,0.0,0.0,984.5,564.3,787.9,612.6,1063.7,1282000.0,1012896.0,208940.926538,206368.671194,415309.597732,205449.5,203547.5,408997.0,58575.0,584443.597732,1139394.0,870290.0,1373866.0,0.924294,0.990527,22.0,26.0,48.0,1387004.71276,1362024.2
mrart_sub-000149_acq-headmotion1_T1w,10945.6,627.3,16702.7,46660.6,7404.2,3341.1,5476.4,1464.5,811.6,2169.5,20512.9,4296.0,1779.0,309715.1,549.5,3994.7,0.0,0.0,8683.3,611.2,16001.2,48069.6,7081.6,3588.1,5269.2,1490.7,4748.0,1866.4,603.0,4100.2,0.0,0.0,0.0,63.4,0.0,0.0,0.0,0.0,0.0,0.0,1226.3,752.3,1131.7,581.9,1222.4,1476514.0,1138429.0,220063.793978,224355.767927,444419.561905,262039.0,264947.0,526986.0,59437.0,601599.561905,1347372.0,1009287.0,1583776.0,0.890399,0.955082,37.0,38.0,75.0,1658261.411953,1554213.5
mrart_sub-000149_acq-headmotion2_T1w,10864.6,675.8,15534.3,47796.4,7779.5,3352.9,5297.7,1510.4,849.1,2137.7,20943.4,4171.3,1838.2,316835.5,554.2,3982.4,0.0,0.0,8681.2,651.3,15845.9,48338.3,7050.5,3447.3,5307.0,1564.9,4451.5,1996.0,612.8,4035.1,0.0,0.0,0.0,0.0,0.0,0.0,0.0,0.0,0.0,0.0,1191.5,779.3,1027.5,565.6,1230.8,1473218.0,1126181.0,224748.860722,223059.244118,447808.104841,250448.5,255484.5,505933.0,59163.0,606380.104841,1343748.0,996711.0,1583250.0,0.891768,0.958373,45.0,43.0,88.0,1652018.50657,1567111.2
mrart_sub-000159_acq-headmotion1_T1w,5048.8,479.2,16187.0,51554.6,7516.4,3870.3,6125.3,1940.8,688.3,1347.6,21227.5,4801.6,1796.5,263087.4,655.6,4390.2,0.0,0.0,4920.4,530.7,16480.3,52630.3,7407.9,3996.8,5820.4,1878.7,4312.8,1991.7,776.6,4366.6,0.0,0.0,0.0,486.1,0.0,0.0,0.0,0.0,0.0,0.0,942.5,548.7,779.8,840.1,670.5,1446475.0,1158790.0,245576.878064,239343.874421,484920.752485,245716.5,241206.5,486923.0,63991.0,656667.752485,1307506.0,1019821.0,1557208.0,0.884952,0.952698,18.0,20.0,38.0,1634524.017806,1541338.4
mrart_sub-000159_acq-headmotion2_T1w,4908.6,450.0,15991.5,51515.8,7932.6,3934.5,6231.0,1893.7,728.5,1331.3,21113.0,4693.0,1987.7,264002.2,673.4,4495.5,0.0,0.0,4799.4,442.5,16463.9,51977.2,7492.3,4087.8,5897.3,1854.3,4193.9,1875.9,765.3,4462.2,0.0,0.0,0.0,366.0,0.0,0.0,0.0,0.0,0.0,0.0,939.4,549.8,740.6,843.0,714.5,1452870.0,1163659.0,243522.029034,239643.662046,483165.69108,247935.0,245894.0,493829.0,64559.0,654716.69108,1314679.0,1025468.0,1556835.0,0.886481,0.949917,25.0,14.0,39.0,1638917.707447,1546029.0
mrart_sub-000175_acq-headmotion1_T1w,13033.7,663.5,17038.7,57494.0,8586.2,4364.6,6192.2,1798.8,1120.7,2658.3,23670.4,4401.0,1958.3,407351.6,726.8,4413.6,0.0,0.0,14497.0,634.3,17309.1,57146.5,8131.5,4353.7,5958.2,1810.6,4596.7,1970.0,760.2,4404.8,0.0,0.0,0.0,473.5,0.0,0.0,0.0,0.0,0.0,0.0,942.6,512.5,723.9,490.9,1212.4,1650376.0,1205506.0,251958.724072,248088.282084,500047.006155,252493.5,250719.5,503213.0,66952.0,686265.006155,1498265.0,1053395.0,1731659.0,0.927496,0.973176,15.0,8.0,23.0,1779388.771057,1732925.1
mrart_sub-000175_acq-headmotion2_T1w,13071.6,661.8,17287.1,57811.7,8404.6,4351.5,6104.8,1916.3,1155.6,2732.7,23679.6,4423.9,1962.8,404638.3,700.3,4418.9,0.0,0.0,14509.8,680.1,17596.4,57606.1,7860.8,4276.2,6006.0,1952.7,4649.1,1913.7,763.5,4477.9,0.0,0.0,0.0,167.6,0.0,0.0,0.0,0.0,0.0,0.0,913.1,523.6,724.3,492.5,1229.9,1651941.0,1209407.0,248346.38869,247389.065511,495735.454201,256497.5,256292.5,512790.0,66783.0,682608.454201,1498494.0,1055960.0,1730817.0,0.927605,0.971896,22.0,7.0,29.0,1780867.333864,1733429.0
mrart_sub-000179_acq-headmotion1_T1w,11559.8,784.4,19940.3,53315.9,7363.4,3572.3,5753.7,1779.8,886.1,2676.5,23249.6,3806.2,1553.3,352025.1,610.0,3810.6,0.0,0.0,9931.7,546.3,19843.6,53118.8,7189.6,3707.5,5936.6,1611.7,4072.6,1666.2,689.4,4208.9,0.0,0.0,0.0,95.0,0.0,0.0,0.0,0.0,0.0,0.0,927.1,645.9,836.7,538.7,1296.4,1484599.0,1099248.0,206419.443524,207813.543313,414232.986837,245035.0,250170.0,495205.0,60198.0,586248.986837,1334993.0,949642.0,1573186.0,0.93628,0.992148,5.0,7.0,12.0,1585636.15161,1543531.2
mrart_sub-000179_acq-headmotion2_T1w,11511.6,677.3,19646.3,53726.5,7533.9,3594.9,5943.5,1856.0,903.0,2733.5,23553.3,3815.8,1686.9,348552.9,614.1,3849.7,0.0,0.0,9926.7,569.9,19497.0,52878.9,7447.0,3734.4,6062.1,1775.8,3975.0,1618.8,687.6,4078.7,0.0,0.0,0.0,98.6,0.0,0.0,0.0,0.0,0.0,0.0,941.9,623.6,771.3,543.4,1287.3,1475864.0,1092338.0,200823.3374,201937.846762,402761.184162,251617.0,248526.0,500143.0,60714.0,574747.184162,1327256.0,943730.0,1569147.0,0.934647,0.993722,11.0,18.0,29.0,1579059.882076,1539558.8
mrart_sub-000183_acq-headmotion1_T1w,10226.0,725.3,19087.3,62834.2,7343.3,4009.7,6216.4,1935.9,1436.4,3606.1,24692.2,4925.4,2191.2,362796.6,775.6,4262.2,0.0,0.0,11744.6,753.5,19284.9,65581.8,7260.0,4315.8,6109.2,1870.9,4944.8,2277.4,691.5,4617.3,0.0,0.0,0.0,324.3,0.0,0.0,0.0,0.0,0.0,0.0,747.2,454.8,595.4,379.2,949.2,1619705.0,1229736.0,256563.856433,260172.377462,516736.233895,255047.5,254772.5,509820.0,66444.0,716517.233895,1449733.0,1059764.0,1701453.0,0.92059,0.967053,56.0,61.0,117.0,1759421.131149,1687639.0
mrart_sub-000183_acq-headmotion2_T1w,10311.3,823.3,19127.6,64076.1,7647.4,4113.6,6359.4,1916.6,1422.4,3594.9,24654.7,4912.8,2177.4,325302.8,771.6,4425.5,0.0,0.0,12075.1,914.2,18779.0,65623.0,8203.5,4311.6,6363.3,1754.3,4848.9,2520.0,772.6,4262.3,0.0,0.0,0.0,156.2,0.0,0.0,0.0,0.0,0.0,0.0,729.0,481.4,640.6,398.3,978.3,1519701.0,1163415.0,241929.438012,256491.754334,498421.192346,224450.0,226933.0,451383.0,67419.0,699679.192346,1349402.0,993116.0,1694811.0,0.88454,0.986463,122.0,112.0,234.0,1718068.797033,1653274.5
mrart_sub-003617_acq-headmotion1_T1w,6796.8,670.6,17011.4,49192.6,6551.3,3784.2,5009.3,1696.7,1230.7,2782.1,21377.4,4401.4,1754.1,317309.5,590.6,3681.4,0.0,0.0,6915.7,565.4,17059.4,51367.9,6093.1,3703.4,4931.8,1570.9,4474.0,1784.1,668.2,3955.9,0.0,0.0,0.0,119.0,0.0,0.0,0.0,0.0,0.0,0.0,932.0,487.4,826.6,475.2,1067.4,1367367.0,1025494.0,199221.855853,198124.258381,397346.114234,227390.0,226953.0,454343.0,57031.0,559101.114234,1230043.0,888170.0,1426230.0,0.929011,0.969003,16.0,18.0,34.0,1471853.050147,1429461.5
mrart_sub-003617_acq-headmotion2_T1w,6714.9,624.0,16616.3,49885.8,6377.8,3851.6,5124.1,1781.0,1230.9,2768.6,21654.8,4510.5,1674.5,317171.6,557.9,3810.2,0.0,0.0,6948.6,573.3,16445.4,51973.6,6140.3,3833.3,5038.7,1634.7,4438.1,1850.4,620.2,3877.4,0.0,0.0,0.0,140.9,0.0,0.0,0.0,0.0,0.0,0.0,914.3,478.8,798.8,490.8,1094.1,1366454.0,1024822.0,203433.649831,204700.307459,408133.957289,219848.5,219041.5,438890.0,57338.0,571451.957289,1228624.0,886992.0,1427235.0,0.931298,0.972723,17.0,14.0,31.0,1467258.048731,1430693.2
mrart_sub-009673_acq-headmotion1_T1w,8058.1,398.6,17889.9,50363.0,6966.8,4018.4,5108.3,1578.0,731.9,2038.8,19955.6,4436.1,2017.1,301676.0,638.6,3766.6,0.0,0.0,8564.2,517.9,18480.3,50584.9,6780.4,3973.3,4848.5,1579.4,4612.2,2159.6,600.5,3946.4,0.0,0.0,0.0,41.7,0.0,0.0,0.0,0.0,0.0,0.0,1080.4,593.3,701.5,461.9,1196.6,1484277.0,1159483.0,248279.925519,245935.837844,494215.763363,242941.0,244192.0,487133.0,59749.0,659572.763363,1344126.0,1019332.0,1585925.0,0.903198,0.965052,9.0,10.0,19.0,1643357.88696,1543875.2
mrart_sub-009673_acq-headmotion2_T1w,5605.9,186.8,2857.1,18719.0,5401.6,549.6,115.6,0.0,0.0,164.3,3923.3,2068.1,0.0,183658.4,0.0,894.6,0.0,0.0,4985.2,323.1,5485.8,38373.9,5554.3,181.0,776.5,182.7,2566.3,0.0,10.8,1377.5,0.0,0.0,0.0,1191.8,0.0,0.0,0.0,0.0,0.0,0.0,627.0,336.3,153.9,244.0,257.3,918545.0,722416.0,156234.04987,186519.366986,342753.416855,146525.0,159394.0,305919.0,20035.0,420739.416855,852761.0,656632.0,1545008.0,0.585816,0.985353,171.0,141.0,312.0,1567974.056444,1059438.8
mrart_sub-010769_acq-headmotion1_T1w,7201.6,642.2,17047.7,57123.8,8518.7,4006.1,6162.7,1680.6,1158.4,3396.2,23062.4,4352.5,1796.8,340090.6,648.0,4765.0,0.0,0.0,6132.0,988.0,16645.9,56569.2,7932.0,4160.1,6252.7,1746.5,4414.3,1827.7,626.2,4939.8,0.0,0.0,0.0,20.5,0.0,0.0,0.0,0.0,0.0,0.0,948.2,621.7,699.7,481.6,1136.4,1531131.0,1165687.0,242816.950704,241668.557749,484485.508453,238571.0,240320.0,478891.0,66623.0,668157.508453,1381343.0,1015899.0,1641778.0,0.909603,0.975335,27.0,40.0,67.0,1683296.741824,1632606.0
mrart_sub-010769_acq-headmotion2_T1w,7200.9,618.2,16956.8,56051.9,9095.4,3963.2,6339.1,1618.5,1149.2,3673.0,22802.1,4224.4,1776.7,322303.9,704.5,4647.4,0.0,0.0,6089.3,847.7,15834.2,56477.6,8500.4,4098.8,6227.5,1609.6,4553.2,1777.4,645.6,4788.8,0.0,0.0,0.0,172.3,0.0,0.0,0.0,0.0,0.0,0.0,931.5,630.0,741.0,495.9,1124.0,1505608.0,1156206.0,241843.178298,236904.611852,478747.79015,239498.5,240501.5,480000.0,67143.0,661759.79015,1358177.0,1008775.0,1632889.0,0.89852,0.974479,67.0,48.0,115.0,1675653.467569,1612241.5
mrart_sub-012059_acq-headmotion1_T1w,7780.0,747.4,15270.6,47707.3,7030.8,4088.0,5388.4,1811.7,742.9,1385.1,17295.0,3658.0,1553.9,251574.2,599.4,4018.3,0.0,0.0,6616.6,520.7,15320.5,47910.1,6954.0,4187.3,5138.6,1620.9,3883.7,1729.0,550.1,3913.1,0.0,0.0,0.0,70.1,0.0,0.0,0.0,0.0,0.0,0.0,1135.5,640.2,898.4,910.3,806.9,1354268.0,1077661.0,224269.828472,223261.125006,447530.953477,232196.0,233954.0,466150.0,58196.0,604318.953477,1226362.0,949755.0,1455941.0,0.902829,0.970609,23.0,32.0,55.0,1500027.727689,1420611.8
mrart_sub-012059_acq-headmotion2_T1w,7724.5,578.0,14790.0,48558.3,6984.8,4152.0,5229.1,1773.7,789.9,1498.6,18077.8,3871.1,1626.2,255955.9,627.2,4133.7,0.0,0.0,6497.8,427.3,15192.5,48011.2,7087.0,4249.8,5122.5,1572.0,3968.6,1702.1,570.5,3927.2,0.0,0.0,0.0,109.5,0.0,0.0,0.0,0.0,0.0,0.0,1134.1,566.2,924.8,515.7,1120.6,1366054.0,1084478.0,224583.839463,227246.485473,451830.324936,230467.0,231466.0,461933.0,58794.0,610878.324936,1237003.0,955427.0,1444760.0,0.914181,0.966853,22.0,10.0,32.0,1494291.907799,1435182.0
mrart_sub-012322_acq-headmotion1_T1w,8315.1,739.4,19506.9,56620.3,7681.9,3687.8,5417.3,1830.5,806.0,2581.6,22949.3,3760.1,1546.6,302450.3,663.0,4352.4,0.0,0.0,5749.3,597.2,18456.7,59526.8,7930.6,3900.9,5252.9,1663.9,4271.2,1604.0,603.9,4259.4,0.0,0.0,0.0,214.1,0.0,0.0,0.0,0.0,0.0,0.0,848.0,533.3,627.2,571.8,833.8,1494445.0,1169992.0,235356.13668,237653.015547,473009.152227,251277.0,253486.0,504763.0,61076.0,654021.152227,1338386.0,1013933.0,1630545.0,0.895304,0.97684,24.0,34.0,58.0,1669203.129408,1556268.1
mrart_sub-012322_acq-headmotion2_T1w,8403.0,820.8,19377.7,57244.1,7843.6,3653.4,5413.4,1963.1,842.6,2533.1,22768.6,3829.0,1527.9,311543.9,636.6,4015.9,0.0,0.0,5738.9,524.6,18700.4,58220.5,7938.3,3995.0,5425.8,1756.1,4330.8,1736.5,644.1,3985.6,0.0,0.0,0.0,128.4,0.0,0.0,0.0,0.0,0.0,0.0,840.8,476.1,581.6,421.1,932.1,1491464.0,1156384.0,232767.564724,234903.805586,467671.37031,246732.5,246327.5,493060.0,61230.0,647821.37031,1335863.0,1000783.0,1636612.0,0.895383,0.982521,16.0,31.0,47.0,1665727.815235,1565299.0
mrart_sub-016504_acq-headmotion1_T1w,14179.2,968.7,17565.4,52044.4,8234.3,4520.7,5992.7,1830.1,1072.1,2880.3,21419.3,4179.2,1717.1,320028.4,570.3,4479.6,0.0,0.0,11133.5,891.3,17213.3,48785.9,8505.5,4629.1,5599.4,1718.5,4358.7,1533.5,540.2,4788.6,0.0,0.0,0.0,292.8,0.0,0.0,0.0,0.0,0.0,0.0,849.3,550.3,797.7,472.1,1203.1,1557385.0,1198925.0,245064.997565,246555.993863,491620.991428,262127.0,264568.0,526695.0,65617.0,660606.991428,1420738.0,1062278.0,1698119.0,0.885011,0.964986,51.0,62.0,113.0,1759735.064254,1650852.8
mrart_sub-016504_acq-headmotion2_T1w,14609.4,957.5,15875.9,50379.1,9184.3,4404.7,6181.3,1653.6,1175.6,2880.0,20786.0,4059.9,1694.9,310495.8,607.4,4375.4,0.0,0.0,11141.6,804.2,13813.9,51725.1,8341.3,4507.5,5823.5,1839.9,4341.9,1533.2,586.5,4347.6,0.0,0.0,0.0,410.0,0.0,0.0,0.0,0.0,0.0,0.0,816.5,468.9,449.1,488.9,932.4,1432625.0,1086790.0,224392.186677,225265.48659,449657.673266,221116.5,236194.5,457311.0,65543.0,618235.673266,1300448.0,954613.0,1660501.0,0.834972,0.967785,93.0,96.0,189.0,1715775.212137,1630883.9
mrart_sub-067018_acq-headmotion1_T1w,8545.8,680.0,18912.0,60047.1,8183.8,4385.6,5897.2,1667.0,724.8,2545.2,20800.5,4135.3,1753.5,289736.5,644.9,4047.2,0.0,0.0,5491.8,757.3,18442.2,58752.8,7801.2,4180.6,5631.7,1675.5,4318.4,1717.9,634.8,4069.0,0.0,0.0,0.0,39.5,0.0,0.0,0.0,0.0,0.0,0.0,966.5,541.0,897.9,522.0,1186.3,1501940.0,1192261.0,250306.40279,248642.969954,498949.372744,245342.0,246450.0,491792.0,63378.0,685150.372744,1343627.0,1033948.0,1582469.0,0.912759,0.961698,8.0,11.0,19.0,1645494.469198,1572432.1
mrart_sub-067018_acq-headmotion2_T1w,8459.4,632.3,19444.3,60519.4,8367.9,4318.7,5919.2,1854.9,769.6,2489.3,20683.1,4203.3,1793.5,295542.5,688.6,4291.1,0.0,0.0,5422.3,700.1,18271.2,57493.7,7836.4,4217.3,5625.5,1771.7,4440.5,1759.3,676.4,4056.6,0.0,0.0,0.0,33.7,0.0,0.0,0.0,0.0,0.0,0.0,975.8,533.7,917.6,521.1,1172.1,1499234.0,1182263.0,250379.123419,251977.518591,502356.64201,237391.0,240640.0,478031.0,64082.0,688514.64201,1340986.0,1024015.0,1587854.0,0.912438,0.966373,28.0,24.0,52.0,1643107.063992,1578862.2
mrart_sub-089207_acq-headmotion1_T1w,19258.1,931.1,16975.3,50693.5,8262.6,4310.2,6275.1,1888.2,997.3,2119.2,21860.6,4450.3,1872.5,345139.1,612.4,4369.6,0.0,0.0,39947.3,1088.1,17895.0,50228.4,7918.4,4615.2,6045.3,1754.2,4280.8,1938.6,675.0,4587.6,0.0,0.0,0.0,17.0,0.0,0.0,0.0,0.0,0.0,0.0,1302.8,340.1,712.4,452.3,1460.0,1662782.0,1248148.0,263017.057244,258613.971299,521631.028543,268706.0,275264.0,543970.0,66731.0,694328.028543,1523605.0,1108971.0,1756420.0,0.906335,0.957374,22.0,22.0,44.0,1834621.825114,1730919.9
mrart_sub-089207_acq-headmotion2_T1w,19700.4,863.8,17610.5,50861.1,8257.7,4263.5,6392.6,1935.2,994.2,2103.9,21962.0,4470.2,1894.1,353224.7,710.1,4477.7,0.0,0.0,39488.4,988.7,17708.8,50096.5,7963.7,4647.1,6255.4,1778.9,4314.4,1915.9,692.9,4603.1,0.0,0.0,0.0,27.1,0.0,0.0,0.0,0.0,0.0,0.0,1254.1,356.9,606.1,448.4,1310.5,1666084.0,1242028.0,257876.543632,256841.379096,514717.922728,267274.5,274318.5,541593.0,67095.0,687752.922728,1526209.0,1102153.0,1761513.0,0.905903,0.957791,20.0,18.0,38.0,1839141.476856,1741403.9
mrart_sub-105822_acq-headmotion2_T1w,11393.1,804.2,14723.8,52531.8,7858.7,3146.1,4271.0,1152.4,1216.5,2184.7,21483.0,3859.4,1339.9,279065.8,466.6,3666.1,0.0,0.0,8534.1,798.4,15459.4,49716.4,7253.5,3085.7,4062.7,1251.9,3964.1,1155.7,497.4,3797.6,0.0,0.0,0.0,140.9,0.0,0.0,0.0,0.0,0.0,0.0,812.7,476.2,710.1,372.6,915.6,1184709.0,876936.0,174745.198686,175804.459626,350549.658312,171639.0,183917.0,355556.0,52775.0,507694.658312,1051077.0,743304.0,1366976.0,0.844227,0.974111,69.0,64.0,133.0,1403305.936819,1314175.8
mrart_sub-107738_acq-headmotion1_T1w,14062.0,1032.7,19212.9,60130.5,8377.4,4891.6,6180.2,1965.1,1717.6,2395.7,21911.9,5274.3,2057.7,393816.4,618.2,4671.1,0.0,0.0,13190.8,798.6,18607.0,60227.9,8737.4,5130.1,6270.0,1894.1,5308.7,2009.3,611.3,4274.3,0.0,0.0,0.0,181.4,0.0,0.0,0.0,0.0,0.0,0.0,907.4,505.4,748.4,508.3,1252.0,1721407.0,1287337.0,254393.374018,258994.27302,513387.647038,286531.5,278311.5,564843.0,70773.0,708320.647038,1560695.0,1126625.0,1831199.0,0.90742,0.965295,41.0,43.0,84.0,1897034.733,1840810.4
mrart_sub-107738_acq-headmotion2_T1w,14178.1,1142.3,18836.3,61957.1,8403.2,5014.4,6357.9,1966.9,1721.7,2362.0,21945.9,5066.4,2149.9,400006.7,638.3,4456.6,0.0,0.0,13109.3,856.6,18175.2,61789.2,8800.6,5092.9,6450.8,1688.1,5305.5,2046.6,604.4,4647.0,0.0,0.0,0.0,15.6,0.0,0.0,0.0,0.0,0.0,0.0,888.2,571.0,764.9,513.8,1187.7,1728309.0,1288875.0,257050.80234,258453.101088,515503.903428,275692.5,281933.5,557626.0,70739.0,713412.903428,1565256.0,1125822.0,1836453.0,0.91415,0.97135,41.0,51.0,92.0,1890619.160999,1839319.4
mrart_sub-108142_acq-headmotion1_T1w,7742.5,537.3,18674.6,61477.3,8274.9,4005.7,5809.6,1830.8,1062.5,1945.8,23629.8,4597.4,1991.0,332150.2,647.9,4756.7,0.0,0.0,7461.2,575.5,19345.6,60495.7,8413.3,4068.9,5775.9,1764.8,4647.5,1870.0,591.3,4661.4,0.0,0.0,0.0,1.8,0.0,0.0,0.0,0.0,0.0,0.0,912.4,446.3,725.3,414.2,1082.1,1565391.0,1211407.0,258050.350332,262297.127033,520347.477365,239423.0,241085.0,480508.0,66058.0,711846.477365,1403118.0,1049134.0,1654882.0,0.922348,0.975077,16.0,8.0,24.0,1697181.144996,1640054.8
mrart_sub-108142_acq-headmotion2_T1w,7694.0,532.8,18309.8,61799.7,8077.8,4081.4,5866.6,1801.4,1088.0,2018.7,23726.6,4501.2,1992.0,324309.5,639.6,4938.7,0.0,0.0,7388.2,602.8,19015.5,61395.6,8497.6,4042.4,5779.9,1643.0,4605.8,1833.7,551.5,4897.4,0.0,0.0,0.0,5.5,0.0,0.0,0.0,0.0,0.0,0.0,904.8,429.4,726.9,417.6,1144.7,1554227.0,1206128.0,262012.350158,262839.600181,524851.95034,233627.5,235596.5,469224.0,65868.0,717466.95034,1391400.0,1043301.0,1656018.0,0.916825,0.97687,15.0,26.0,41.0,1695227.966276,1638257.4
mrart_sub-118003_acq-headmotion1_T1w,4619.1,501.5,15344.9,46930.9,7991.8,3234.4,5166.6,1512.3,648.5,1351.1,21006.2,4399.3,1914.6,247718.5,483.9,3600.5,0.0,0.0,4633.0,568.5,15122.0,47301.8,7456.0,3396.3,5068.6,1454.7,4203.8,1836.0,546.7,3903.6,0.0,0.0,0.0,107.6,0.0,0.0,0.0,0.0,0.0,0.0,1032.7,621.5,1068.6,916.2,1006.5,1305703.0,1039376.0,210223.888175,212459.786076,422683.674251,226653.5,223954.5,450608.0,58462.0,579029.674251,1178359.0,912032.0,1393906.0,0.902098,0.963037,17.0,29.0,46.0,1447406.571317,1370837.8
mrart_sub-118003_acq-headmotion2_T1w,4618.8,467.1,16096.0,46024.2,8326.5,3259.4,5125.9,1444.3,580.6,1557.6,21153.9,4453.7,1595.4,241132.8,540.0,3687.9,0.0,0.0,4622.4,504.0,15553.2,46824.8,7572.7,3410.4,5384.5,1492.0,4359.5,1700.8,545.3,3914.0,0.0,0.0,0.0,40.0,0.0,0.0,0.0,0.0,0.0,0.0,1074.6,645.1,969.8,713.7,1208.7,1278156.0,1016291.0,204021.157969,203186.138322,407207.296292,220812.5,219750.5,440563.0,58544.0,562092.296292,1151278.0,889413.0,1395363.0,0.885674,0.966891,36.0,28.0,64.0,1443144.295416,1363788.5
mrart_sub-122916_acq-headmotion1_T1w,5502.7,453.3,14893.1,49396.3,7542.1,3352.6,5266.9,1648.6,639.4,1536.4,19855.0,3967.3,1603.5,262361.4,526.6,4060.8,0.0,0.0,5730.0,675.4,14952.7,49438.0,7268.2,3438.2,5107.9,1739.0,3877.3,1532.3,567.1,3992.6,0.0,0.0,0.0,134.3,0.0,0.0,0.0,0.0,0.0,0.0,890.5,533.1,820.3,689.2,786.0,1321773.0,1039646.0,213425.793369,215730.803858,429156.597227,217190.0,218531.0,435721.0,58149.0,590390.597227,1190370.0,908243.0,1426549.0,0.90174,0.97322,8.0,11.0,19.0,1465802.736665,1390664.5
mrart_sub-122916_acq-headmotion2_T1w,5779.0,444.2,15769.5,48517.7,7954.2,3269.1,5367.1,1755.7,642.4,1493.6,19407.8,4265.9,1449.9,256555.1,523.0,3683.9,0.0,0.0,6160.3,688.6,15848.8,47393.6,7478.6,3437.7,5060.4,1687.1,4234.5,1600.3,504.1,3704.8,0.0,0.0,0.0,108.7,0.0,0.0,0.0,0.0,0.0,0.0,863.3,504.4,623.9,476.0,938.7,1250802.0,971805.0,197973.024455,198808.79045,396781.814906,199580.5,197544.5,397125.0,57806.0,554455.814906,1120727.0,841730.0,1417002.0,0.86105,0.975462,42.0,39.0,81.0,1452647.464949,1377004.4
