lh.aparc.thickness,lh_bankssts_thickness,lh_caudalanteriorcingulate_thickness,lh_caudalmiddlefrontal_thickness,lh_cuneus_thickness,lh_entorhinal_thickness,lh_fusiform_thickness,lh_inferiorparietal_thickness,lh_inferiortemporal_thickness,lh_isthmuscingulate_thickness,lh_lateraloccipital_thickness,lh_lateralorbitofrontal_thickness,lh_lingual_thickness,lh_medialorbitofrontal_thickness,lh_middletemporal_thickness,lh_parahippocampal_thickness,lh_paracentral_thickness,lh_parsopercularis_thickness,lh_parsorbitalis_thickness,lh_parstriangularis_thickness,lh_pericalcarine_thickness,lh_postcentral_thickness,lh_posteriorcingulate_thickness,lh_precentral_thickness,lh_precuneus_thickness,lh_rostralanteriorcingulate_thickness,lh_rostralmiddlefrontal_thickness,lh_superiorfrontal_thickness,lh_superiorparietal_thickness,lh_superiortemporal_thickness,lh_supramarginal_thickness,lh_frontalpole_thickness,lh_temporalpole_thickness,lh_transversetemporal_thickness,lh_insula_thickness,lh_MeanThickness_thickness,BrainSegVolNotVent,eTIV
mrart_sub-000103_acq-standard_T1w,2.781,2.587,2.896,1.782,2.822,2.722,2.47,2.78,2.334,2.265,2.723,2.053,2.497,3.016,3.228,2.57,2.703,3.013,2.531,1.501,2.073,2.416,2.768,2.402,3.016,2.577,2.893,2.162,3.036,2.502,2.645,3.799,2.409,3.059,2.57675,1216003.0,1671740.219276
mrart_sub-000148_acq-standard_T1w,2.681,2.705,2.598,1.833,2.987,2.615,2.556,2.661,2.294,2.152,2.486,2.063,2.193,3.001,2.964,2.46,2.797,2.368,2.39,1.485,2.199,2.541,2.755,2.457,3.007,2.347,2.785,2.215,2.741,2.661,2.948,3.23,2.09,2.757,2.50772,1033302.0,1387190.147887
mrart_sub-000149_acq-standard_T1w,2.378,2.485,2.343,1.787,3.111,2.764,2.431,2.642,2.206,2.092,2.497,1.724,2.203,2.792,2.569,2.42,2.617,2.461,2.328,1.402,2.027,2.188,2.519,2.372,2.874,2.247,2.6,2.068,2.697,2.325,2.548,3.368,2.036,2.792,2.37523,1152713.0,1654229.758633
mrart_sub-000159_acq-standard_T1w,2.683,2.493,2.863,1.945,2.84,2.855,2.596,2.832,2.379,2.316,2.527,1.784,2.278,3.074,2.948,2.845,2.92,2.913,2.778,1.627,2.435,2.515,2.918,2.636,2.757,2.531,2.92,2.389,3.215,2.764,2.664,3.886,2.606,2.916,2.66658,1205417.0,1637731.187565
mrart_sub-000175_acq-standard_T1w,2.732,2.795,2.65,1.539,3.132,2.509,2.393,2.753,2.353,2.06,2.704,1.801,2.57,3.132,2.435,2.333,2.67,2.825,2.39,1.522,1.976,2.459,2.394,2.218,2.904,2.429,2.679,2.079,2.805,2.478,2.731,3.698,2.117,2.942,2.43456,1230996.0,1778610.241325
mrart_sub-000179_acq-standard_T1w,2.392,2.612,2.401,1.587,2.834,2.501,2.172,2.677,2.541,1.986,2.504,1.823,2.295,2.678,2.525,2.419,2.603,2.717,2.379,1.336,1.929,2.283,2.485,2.174,2.832,2.415,2.702,1.9,2.715,2.458,2.922,3.261,2.089,2.704,2.33482,1101639.0,1587185.882606
mrart_sub-000183_acq-standard_T1w,2.954,2.469,2.572,1.685,3.404,2.738,2.414,2.919,2.403,2.213,2.677,2.057,2.455,3.033,2.744,2.527,2.675,2.936,2.728,1.599,1.92,2.534,2.548,2.405,2.777,2.558,2.97,2.146,2.984,2.504,3.117,3.604,2.697,3.121,2.5686,1240208.0,1769151.611294
mrart_sub-003617_acq-standard_T1w,2.552,2.607,2.396,1.598,3.212,2.73,2.49,2.685,2.294,2.189,2.523,1.753,2.21,2.86,3.079,2.13,2.456,2.804,2.358,1.337,1.863,2.445,2.414,2.347,2.672,2.354,2.73,2.099,2.82,2.464,2.681,3.463,1.993,2.739,2.42028,1035973.0,1475259.864876
mrart_sub-009673_acq-standard_T1w,2.56,2.789,2.824,2.056,3.419,2.9,2.403,2.966,2.33,2.3,2.702,2.137,2.47,3.018,2.424,2.481,2.836,2.873,2.928,1.59,2.297,2.418,2.713,2.305,2.949,2.642,2.991,2.15,2.986,2.573,3.136,3.774,2.639,3.14,2.60933,1158436.0,1637210.410853
mrart_sub-010769_acq-standard_T1w,2.267,2.648,2.857,1.872,3.177,2.794,2.374,2.697,2.458,2.164,2.746,1.924,2.487,2.969,2.824,2.489,2.83,2.783,2.699,1.741,2.075,2.63,2.73,2.384,2.778,2.623,3.02,2.115,2.678,2.531,2.696,4.039,2.439,2.954,2.54631,1212520.0,1696330.411823
mrart_sub-012059_acq-standard_T1w,2.5,2.5,2.732,1.756,3.05,2.707,2.538,2.677,2.466,2.194,2.577,1.962,2.214,2.812,2.8,2.573,2.828,2.826,2.567,1.518,2.166,2.456,2.794,2.496,2.867,2.518,2.92,2.231,3.045,2.679,2.721,3.713,2.601,2.862,2.56421,1104368.0,1510339.222767
mrart_sub-012322_acq-standard_T1w,2.539,2.408,2.708,1.751,2.983,2.601,2.36,2.754,2.632,2.008,2.459,1.91,2.088,2.756,2.42,2.332,2.518,2.641,2.442,1.523,2.058,2.634,2.592,2.29,2.721,2.335,2.78,1.964,2.971,2.554,2.782,3.746,2.475,2.788,2.43438,1179903.0,1667777.291292
mrart_sub-016504_acq-standard_T1w,2.662,2.637,2.798,1.915,3.135,2.944,2.495,2.872,2.491,2.141,2.615,1.987,2.226,3.146,2.902,2.65,2.813,2.845,2.67,1.573,2.277,2.554,2.865,2.569,2.805,2.401,2.937,2.339,3.124,2.796,2.93,3.913,2.63,3.041,2.62304,1243977.0,1759480.044273
mrart_sub-067018_acq-standard_T1w,2.53,2.525,2.491,1.871,3.193,2.779,2.503,2.837,2.364,2.186,2.66,2.121,2.395,2.873,3.239,2.447,2.697,2.696,2.457,1.563,1.994,2.532,2.689,2.467,2.877,2.312,2.767,2.147,2.878,2.498,3.099,3.781,2.609,3.169,2.51148,1195369.0,1636754.879893
mrart_sub-089207_acq-standard_T1w,2.476,2.489,2.784,1.733,3.472,2.986,2.468,2.862,2.379,2.241,2.763,2.056,2.671,3.25,3.073,2.383,2.903,2.747,2.516,1.408,2.105,2.389,2.824,2.528,2.904,2.542,2.853,2.231,3.018,2.58,2.918,4.11,2.391,3.13,2.59798,1262726.0,1832943.110936
mrart_sub-105822_acq-standard_T1w,2.241,2.628,2.479,1.66,3.195,2.705,2.294,2.814,2.426,2.037,2.623,1.818,2.316,2.669,2.926,2.398,2.339,2.54,2.419,1.476,2.115,2.446,2.416,2.22,2.716,2.189,2.645,2.046,2.737,2.536,2.594,3.728,2.158,2.717,2.37788,990593.0,1431126.502624
mrart_sub-107738_acq-standard_T1w,2.76,2.41,2.542,1.727,3.246,2.633,2.216,2.708,2.525,2.052,2.764,1.985,2.322,2.85,2.689,2.169,2.635,2.906,2.562,1.426,1.998,2.558,2.54,2.243,2.981,2.294,2.668,2.002,2.785,2.464,2.695,3.305,2.513,2.958,2.41529,1335401.0,1910041.147192
mrart_sub-108142_acq-standard_T1w,2.761,2.856,2.709,1.822,3.309,2.8,2.486,2.755,2.325,2.194,2.588,1.882,2.482,3.146,2.7,2.541,2.751,2.454,2.575,1.608,1.99,2.677,2.774,2.463,3.162,2.285,2.949,2.131,2.855,2.695,2.873,3.387,2.251,3.05,2.55212,1217450.0,1694758.212991
mrart_sub-118003_acq-standard_T1w,2.711,2.55,2.518,1.639,3.239,2.612,2.488,2.66,2.628,2.104,2.495,1.859,2.298,2.879,2.567,2.541,2.59,2.76,2.69,1.371,2.145,2.603,2.761,2.411,2.722,2.481,2.68,2.302,2.84,2.581,2.414,3.388,2.195,2.754,2.50216,1058810.0,1443635.246551
mrart_sub-122916_acq-standard_T1w,2.705,2.49,2.861,1.739,3.221,2.822,2.698,2.86,2.215,2.191,2.552,1.977,2.48,3.135,2.586,2.734,2.909,2.764,2.586,1.548,2.136,2.469,2.878,2.45,2.873,2.463,2.962,2.389,3.087,2.87,2.997,3.73,3.067,2.949,2.62531,1054572.0,1465727.798816
mrart_sub-000103_acq-headmotion1_T1w,2.762,2.721,2.982,1.794,2.902,2.675,2.449,2.685,2.409,2.232,2.741,2.019,2.575,2.987,3.26,2.535,2.777,2.788,2.631,1.565,2.124,2.462,2.611,2.357,2.998,2.625,2.96,2.17,3.044,2.689,2.66,3.49,2.687,3.135,2.58699,1204540.0,1672950.172906
mrart_sub-000103_acq-headmotion2_T1w,2.744,2.541,2.747,1.886,2.897,2.643,2.455,2.688,2.428,2.376,2.571,2.081,2.69,2.923,3.167,2.58,2.559,2.589,2.398,1.75,1.976,2.448,2.816,2.442,3.014,2.5,2.844,2.178,2.882,2.381,2.601,3.018,2.245,2.917,2.53545,1177888.0,1661969.917205
mrart_sub-000148_acq-headmotion1_T1w,2.587,2.734,2.412,1.749,2.716,2.542,2.504,2.555,2.243,2.158,2.52,2.076,2.297,2.905,3.046,2.366,2.811,2.35,2.423,1.465,2.116,2.42,2.558,2.356,2.964,2.294,2.716,2.073,2.592,2.547,2.821,2.802,2.045,2.719,2.42825,1017036.0,1388821.048789
mrart_sub-000148_acq-headmotion2_T1w,2.594,2.816,2.424,1.84,2.455,2.608,2.521,2.492,2.312,2.232,2.319,2.103,2.304,2.818,2.982,2.431,2.817,2.273,2.388,1.546,2.117,2.419,2.598,2.408,3.028,2.301,2.692,2.196,2.634,2.5,2.775,3.01,2.102,2.667,2.43868,1012896.0,1387004.71276
mrart_sub-000149_acq-headmotion1_T1w,2.193,2.54,2.211,1.824,2.84,2.456,2.292,2.408,2.12,1.979,2.405,1.757,2.206,2.558,2.374,2.213,2.453,2.325,2.264,1.619,1.97,2.15,2.345,2.103,3.066,2.231,2.696,2.071,2.432,2.142,2.798,2.813,1.918,2.648,2.27141,1138429.0,1658261.411953
mrart_sub-000149_acq-headmotion2_T1w,2.196,2.425,2.24,1.872,2.619,2.507,2.278,2.702,2.249,2.082,2.439,1.701,2.262,2.541,2.596,2.564,2.324,2.413,2.324,1.613,2.152,2.13,2.429,2.258,2.735,2.318,2.604,2.156,2.495,2.211,2.621,2.837,2.054,2.688,2.32588,1126181.0,1652018.50657
mrart_sub-000159_acq-headmotion1_T1w,2.643,2.379,2.466,1.864,2.296,2.801,2.451,2.707,2.329,2.256,2.343,1.839,2.414,2.946,2.803,2.747,2.72,2.438,2.62,1.566,2.294,2.48,2.628,2.583,2.645,2.327,2.647,2.255,2.982,2.542,2.468,3.056,2.52,2.886,2.5095,1158790.0,1634524.017806
mrart_sub-000159_acq-headmotion2_T1w,2.5,2.405,2.537,1.851,2.221,2.646,2.422,2.679,2.31,2.203,2.505,1.847,2.32,2.855,2.524,2.439,2.649,2.547,2.489,1.539,2.281,2.408,2.574,2.476,2.756,2.365,2.685,2.272,2.911,2.442,2.64,2.659,2.456,2.797,2.47258,1163659.0,1638917.707447
mrart_sub-000175_acq-headmotion1_T1w,2.58,2.687,2.574,1.568,3.089,2.419,2.321,2.67,2.348,2.048,2.712,1.868,2.359,3.014,2.343,2.178,2.635,2.617,2.352,1.628,1.985,2.331,2.228,2.078,2.774,2.323,2.534,2.04,2.685,2.4,2.608,3.55,2.063,3.016,2.35487,1205506.0,1779388.771057
mrart_sub-000175_acq-headmotion2_T1w,2.707,2.617,2.377,1.609,2.961,2.369,2.439,2.583,2.382,2.111,2.539,1.844,2.482,2.958,2.311,2.238,2.551,2.522,2.184,1.596,1.904,2.477,2.363,2.191,2.801,2.279,2.588,2.012,2.682,2.355,2.455,3.619,2.138,2.921,2.35948,1209407.0,1780867.333864
mrart_sub-000179_acq-headmotion1_T1w,2.453,2.768,2.335,1.591,2.823,2.48,2.166,2.66,2.447,1.958,2.572,1.794,2.251,2.69,2.539,2.407,2.673,2.651,2.394,1.373,1.966,2.368,2.422,2.102,2.649,2.428,2.694,1.866,2.776,2.462,2.61,3.562,1.992,2.648,2.3255,1099248.0,1585636.15161
mrart_sub-000179_acq-headmotion2_T1w,2.262,2.559,2.296,1.625,2.657,2.364,2.156,2.564,2.436,1.985,2.482,1.803,2.407,2.632,2.332,2.356,2.444,2.503,2.362,1.292,1.905,2.348,2.244,2.041,2.718,2.31,2.581,1.905,2.627,2.382,2.603,2.815,1.827,2.592,2.25847,1092338.0,1579059.882076
mrart_sub-000183_acq-headmotion1_T1w,2.805,2.504,2.454,1.654,3.319,2.671,2.33,2.718,2.367,2.188,2.573,1.911,2.334,2.863,2.643,2.285,2.313,3.01,2.355,1.531,1.902,2.572,2.244,2.176,2.654,2.427,2.888,2.015,2.822,2.272,3.164,3.42,2.158,2.809,2.42154,1229736.0,1759421.131149
mrart_sub-000183_acq-headmotion2_T1w,2.586,2.478,2.392,2.097,2.81,2.455,2.253,2.646,2.137,2.22,2.342,2.2,2.447,2.454,2.508,2.43,2.466,2.759,2.306,1.761,1.918,2.539,2.263,2.31,2.711,2.427,2.872,2.267,2.679,2.484,3.29,2.818,2.361,2.722,2.41851,1163415.0,1718068.797033
mrart_sub-003617_acq-headmotion1_T1w,2.496,2.589,2.341,1.728,3.231,2.781,2.474,2.654,2.288,2.269,2.507,1.901,2.28,2.851,3.193,2.197,2.478,2.849,2.426,1.472,1.789,2.489,2.399,2.308,2.578,2.258,2.578,2.033,2.773,2.44,2.717,3.694,2.156,2.732,2.40452,1025494.0,1471853.050147
mrart_sub-003617_acq-headmotion2_T1w,2.539,2.691,2.361,1.723,3.219,2.777,2.467,2.657,2.361,2.339,2.548,1.907,2.335,2.811,3.083,2.221,2.516,2.653,2.557,1.521,2.046,2.601,2.542,2.34,2.638,2.434,2.717,2.146,2.775,2.443,2.935,3.564,2.263,2.775,2.47526,1024822.0,1467258.048731
mrart_sub-009673_acq-headmotion1_T1w,2.502,2.591,2.671,1.983,3.124,2.814,2.347,2.841,2.314,2.251,2.723,2.008,2.341,2.992,2.426,2.545,2.819,2.693,2.916,1.596,2.254,2.527,2.62,2.235,2.81,2.654,2.923,2.066,2.979,2.481,3.072,3.884,2.587,3.079,2.55107,1159483.0,1643357.88696
mrart_sub-009673_acq-headmotion2_T1w,2.926,2.955,2.424,2.435,2.098,2.53,2.524,2.555,2.478,2.693,2.456,2.657,0.0,2.525,1.997,2.682,2.177,2.823,2.359,2.494,2.334,2.711,2.38,2.386,2.538,2.56,2.652,2.47,2.419,2.526,2.024,2.72,1.797,2.217,2.4815,722416.0,1567974.056444
mrart_sub-010769_acq-headmotion1_T1w,2.193,2.48,2.861,2.027,2.857,2.589,2.317,2.633,2.494,2.198,2.289,2.056,2.435,2.549,2.697,2.437,2.64,2.878,2.429,1.841,2.054,2.694,2.587,2.448,2.792,2.559,2.845,2.155,2.514,2.383,2.411,3.508,2.264,2.939,2.46282,1165687.0,1683296.741824
mrart_sub-010769_acq-headmotion2_T1w,2.207,2.679,2.778,1.881,2.439,2.509,2.411,2.375,2.505,2.06,2.589,2.012,2.475,2.652,2.656,2.408,2.832,2.562,2.767,1.839,2.157,2.729,2.583,2.325,2.67,2.65,2.773,2.161,2.47,2.554,2.453,2.65,2.328,2.958,2.45672,1156206.0,1675653.467569
mrart_sub-012059_acq-headmotion1_T1w,2.284,2.432,2.573,1.901,2.719,2.568,2.389,2.581,2.242,2.235,2.527,2.006,2.358,2.664,2.663,2.297,2.644,2.875,2.473,1.542,2.184,2.404,2.618,2.384,2.733,2.41,2.741,2.229,2.779,2.585,2.725,3.184,2.441,2.702,2.46283,1077661.0,1500027.727689
mrart_sub-012059_acq-headmotion2_T1w,2.331,2.238,2.633,1.771,2.331,2.421,2.471,2.645,2.302,2.25,2.497,1.881,2.365,2.591,2.474,2.512,2.694,2.766,2.436,1.44,2.149,2.346,2.659,2.417,2.744,2.417,2.812,2.25,2.817,2.6,2.615,3.348,2.547,2.832,2.46919,1084478.0,1494291.907799
mrart_sub-012322_acq-headmotion1_T1w,2.472,2.409,2.436,1.702,2.632,2.337,2.274,2.529,2.597,2.011,2.56,1.784,2.274,2.702,2.43,2.285,2.484,2.593,2.433,1.452,2.073,2.597,2.578,2.173,2.643,2.234,2.602,1.948,2.823,2.458,2.697,3.13,2.37,2.594,2.35091,1169992.0,1669203.129408
mrart_sub-012322_acq-headmotion2_T1w,2.507,2.186,2.462,1.726,2.682,2.375,2.225,2.628,2.595,2.067,2.402,1.865,2.657,2.593,2.511,2.271,2.297,2.65,2.44,1.513,2.007,2.566,2.352,2.231,2.589,2.314,2.597,1.925,2.813,2.393,3.411,2.826,2.488,2.617,2.34009,1156384.0,1665727.815235
mrart_sub-016504_acq-headmotion1_T1w,2.392,2.504,2.561,1.849,2.624,2.409,2.274,2.469,2.367,1.99,2.419,1.924,2.169,2.778,2.861,2.416,2.666,2.488,2.687,1.778,2.077,2.458,2.499,2.224,2.535,2.274,2.764,2.129,2.838,2.385,2.644,2.267,2.345,2.921,2.39309,1198925.0,1759735.064254
mrart_sub-016504_acq-headmotion2_T1w,2.202,2.421,2.411,2.135,2.757,2.668,2.488,2.527,2.16,2.265,2.608,2.201,2.462,2.637,2.418,2.524,2.5,2.678,2.498,1.892,2.295,2.646,2.514,2.392,2.764,2.478,2.864,2.341,2.453,2.449,2.543,2.598,2.413,3.029,2.48298,1086790.0,1715775.212137
mrart_sub-067018_acq-headmotion1_T1w,2.436,2.551,2.312,1.764,3.023,2.748,2.429,2.799,2.359,2.095,2.614,1.982,2.347,2.822,3.146,2.248,2.644,2.678,2.381,1.603,1.981,2.514,2.391,2.327,2.852,2.277,2.697,1.99,2.87,2.48,2.952,3.587,2.341,3.225,2.43173,1192261.0,1645494.469198
mrart_sub-067018_acq-headmotion2_T1w,2.231,2.498,2.449,1.885,3.122,2.679,2.285,2.741,2.285,2.07,2.633,2.047,2.332,2.547,3.271,2.493,2.578,2.815,2.381,1.588,1.983,2.609,2.501,2.373,2.752,2.322,2.754,2.046,2.729,2.417,3.033,3.194,2.299,3.328,2.42437,1182263.0,1643107.063992
mrart_sub-089207_acq-headmotion1_T1w,2.339,2.404,2.702,1.799,3.38,2.956,2.345,2.816,2.406,2.173,2.706,2.08,2.54,3.193,2.981,2.344,2.935,2.654,2.53,1.467,2.124,2.462,2.71,2.393,2.874,2.398,2.736,2.06,2.962,2.514,2.692,3.838,2.367,3.123,2.52296,1248148.0,1834621.825114
mrart_sub-089207_acq-headmotion2_T1w,2.36,2.409,2.594,1.795,3.565,2.871,2.297,2.728,2.393,2.204,2.75,2.017,2.691,3.107,3.058,2.232,2.84,2.649,2.451,1.407,1.975,2.297,2.692,2.367,2.761,2.487,2.727,2.074,2.884,2.413,2.858,3.34,2.369,3.09,2.48768,1242028.0,1839141.476856
mrart_sub-105822_acq-headmotion2_T1w,2.246,2.442,2.867,1.987,2.673,2.372,2.099,2.609,2.185,2.037,2.442,2.045,2.551,2.503,2.568,2.186,2.264,2.4,2.599,1.851,2.313,2.35,2.396,2.066,2.539,2.542,2.599,1.988,2.456,2.437,2.532,2.896,2.068,2.736,2.35142,876936.0,1403305.936819
mrart_sub-107738_acq-headmotion1_T1w,2.61,2.315,2.268,1.82,2.891,2.352,2.197,2.503,2.569,2.279,2.636,2.095,2.329,2.554,2.703,2.214,2.349,2.674,2.512,1.685,1.908,2.538,2.418,2.398,2.917,2.151,2.666,2.169,2.586,2.338,3.041,2.908,2.279,2.929,2.3689,1287337.0,1897034.733
mrart_sub-107738_acq-headmotion2_T1w,2.604,2.353,2.381,1.839,3.082,2.583,2.134,2.661,2.591,2.054,2.709,2.093,2.306,2.756,2.786,2.145,2.482,2.774,2.493,1.646,1.995,2.618,2.291,2.206,2.943,2.069,2.51,1.929,2.712,2.275,2.713,3.041,2.293,2.9,2.33592,1288875.0,1890619.160999
mrart_sub-108142_acq-headmotion1_T1w,2.817,2.809,2.709,1.831,3.085,2.745,2.441,2.634,2.355,2.168,2.606,1.814,2.361,3.084,2.664,2.532,2.562,2.496,2.455,1.56,1.897,2.681,2.659,2.43,3.204,2.282,2.974,2.042,2.827,2.647,2.646,3.013,2.183,2.996,2.50385,1211407.0,1697181.144996
mrart_sub-108142_acq-headmotion2_T1w,2.757,2.915,2.786,1.885,3.119,2.683,2.491,2.71,2.406,2.23,2.826,1.842,2.436,3.191,2.681,2.526,2.746,2.633,2.626,1.553,1.999,2.681,2.837,2.48,3.275,2.306,3.074,2.165,2.841,2.632,2.687,3.252,2.18,3.135,2.56994,1206128.0,1695227.966276
mrart_sub-118003_acq-headmotion1_T1w,2.634,2.562,2.456,1.714,2.493,2.464,2.39,2.575,2.481,2.125,2.45,1.852,2.203,2.823,2.567,2.378,2.542,2.59,2.785,1.488,2.102,2.576,2.558,2.299,2.473,2.397,2.609,2.14,2.749,2.471,2.578,2.969,1.995,2.692,2.41558,1039376.0,1447406.571317
mrart_sub-118003_acq-headmotion2_T1w,2.598,2.409,2.476,1.701,2.827,2.473,2.319,2.535,2.358,2.228,2.541,1.865,2.301,2.788,2.451,2.551,2.529,2.455,2.673,1.5,2.074,2.557,2.475,2.292,2.235,2.301,2.645,2.213,2.524,2.414,2.167,2.271,2.323,2.638,2.39358,1016291.0,1443144.295416
mrart_sub-122916_acq-headmotion1_T1w,2.446,2.427,2.722,1.698,3.019,2.708,2.367,2.732,2.18,2.178,2.547,1.932,2.466,3.064,2.383,2.4,2.747,2.499,2.349,1.612,2.122,2.385,2.462,2.174,2.892,2.566,2.856,2.234,2.949,2.711,2.91,3.301,2.801,2.918,2.49922,1039646.0,1465802.736665
mrart_sub-122916_acq-headmotion2_T1w,2.31,2.619,2.551,1.798,2.607,2.462,2.309,2.55,2.345,2.165,2.63,1.992,3.091,2.77,2.48,2.509,2.664,2.752,2.385,2.013,2.118,2.433,2.469,2.234,2.889,2.441,2.875,2.214,2.593,2.477,3.13,3.254,2.713,2.777,2.45177,971805.0,1452647.464949
