subject,condition,surface_holes_motion,surface_holes_still,delta_holes,n_robust,n_tukey,n_enigma,max_abs_z,worst_measure,caudate,hippocampus,mean_thick,rmfg,stg,tpole,caudate_z,hippocampus_z,mean_thick_z,rmfg_z,stg_z,tpole_z,caudate_flag,hippocampus_flag,mean_thick_flag,rmfg_flag,stg_flag,tpole_flag,caudate_tukey,hippocampus_tukey,mean_thick_tukey,rmfg_tukey,stg_tukey,tpole_tukey,caudate_enigma,hippocampus_enigma,mean_thick_enigma,rmfg_enigma,stg_enigma,tpole_enigma,n_any_robust_or_tukey
sub-016504,mild,113.0,14.0,99.0,2,2,0,5.23,stg,-0.09,1.42,-8.61,-2.1,-10.07,-29.64,-0.2,0.67,-3.6,0.0,-5.23,-2.11,0.0,0.0,1.0,0.0,1.0,0.0,0.0,0.0,1.0,0.0,1.0,0.0,0.0,0.0,0.0,0.0,0.0,0.0,1
sub-122916,mild,19.0,17.0,2.0,0,0,0,3.14,hippocampus,1.93,-2.46,-4.74,1.63,-3.47,-6.02,2.38,-3.14,-1.2,1.46,-0.25,0.33,0.0,0.0,0.0,0.0,0.0,0.0,0.0,0.0,0.0,0.0,0.0,0.0,0.0,0.0,0.0,0.0,0.0,0.0,0
sub-000149,mild,75.0,20.0,55.0,0,0,0,3.07,stg,1.54,1.38,-3.29,1.34,-7.2,-13.6,1.89,0.63,-0.3,1.34,-3.07,-0.46,0.0,0.0,0.0,0.0,0.0,0.0,0.0,0.0,0.0,0.0,0.0,0.0,0.0,0.0,0.0,0.0,0.0,0.0,0
sub-000179,mild,12.0,19.0,-7.0,0,0,0,2.98,stg,1.67,0.18,-0.81,0.93,0.83,4.27,2.06,-0.55,1.24,1.19,2.98,1.39,0.0,0.0,0.0,0.0,0.0,0.0,0.0,0.0,0.0,0.0,0.0,0.0,0.0,0.0,0.0,0.0,0.0,0.0,0
sub-108142,mild,24.0,16.0,8.0,0,0,0,2.92,stg,0.06,2.23,-0.61,2.09,0.75,-7.76,0.0,1.47,1.36,1.64,2.92,0.15,0.0,0.0,0.0,0.0,0.0,0.0,0.0,0.0,0.0,0.0,0.0,0.0,0.0,0.0,0.0,0.0,0.0,0.0,0
sub-012059,mild,55.0,22.0,33.0,0,0,0,2.84,hippocampus,-0.95,-2.16,-3.57,-2.77,-6.29,-9.51,-1.29,-2.84,-0.47,-0.26,-2.38,-0.03,0.0,0.0,0.0,0.0,0.0,0.0,0.0,0.0,0.0,0.0,0.0,0.0,0.0,0.0,0.0,0.0,0.0,0.0,0
sub-000159,mild,38.0,19.0,19.0,0,1,0,2.73,rmfg,-1.54,0.57,-5.78,-9.1,-5.88,-21.12,-2.04,-0.16,-1.85,-2.73,-2.07,-1.23,0.0,0.0,0.0,0.0,0.0,0.0,0.0,0.0,0.0,1.0,0.0,0.0,0.0,0.0,0.0,0.0,0.0,0.0,1
sub-118003,mild,46.0,12.0,34.0,0,1,0,2.64,caudate,2.13,-0.77,-2.74,-1.8,-3.13,-21.06,2.64,-1.48,0.04,0.12,0.0,-1.22,0.0,0.0,0.0,0.0,0.0,0.0,1.0,0.0,0.0,0.0,0.0,0.0,0.0,0.0,0.0,0.0,0.0,0.0,1
sub-000103,mild,34.0,40.0,-6.0,0,0,0,2.56,stg,0.4,-1.34,-0.66,-1.97,0.27,-9.18,0.43,-2.04,1.33,0.05,2.56,0.0,0.0,0.0,0.0,0.0,0.0,0.0,0.0,0.0,0.0,0.0,0.0,0.0,0.0,0.0,0.0,0.0,0.0,0.0,0
sub-010769,mild,67.0,15.0,52.0,0,0,0,2.56,stg,-0.36,0.96,-3.33,-4.43,-6.53,-15.73,-0.54,0.22,-0.33,-0.91,-2.56,-0.67,0.0,0.0,0.0,0.0,0.0,0.0,0.0,0.0,0.0,0.0,0.0,0.0,0.0,0.0,0.0,0.0,0.0,0.0,0
sub-009673,mild,19.0,14.0,5.0,0,0,0,2.22,stg,0.35,-1.43,-2.22,-0.97,-0.18,-0.35,0.37,-2.13,0.36,0.44,2.22,0.91,0.0,0.0,0.0,0.0,0.0,0.0,0.0,0.0,0.0,0.0,0.0,0.0,0.0,0.0,0.0,0.0,0.0,0.0,0
sub-067018,mild,19.0,21.0,-2.0,0,0,0,2.09,hippocampus,0.31,-1.39,-3.89,-0.54,-2.38,-5.51,0.31,-2.09,-0.67,0.61,0.57,0.38,0.0,0.0,0.0,0.0,0.0,0.0,0.0,0.0,0.0,0.0,0.0,0.0,0.0,0.0,0.0,0.0,0.0,0.0,0
sub-003617,mild,34.0,25.0,9.0,0,0,0,1.95,caudate,-1.46,1.04,-0.34,-3.83,-2.34,4.75,-1.95,0.3,1.53,-0.67,0.59,1.43,0.0,0.0,0.0,0.0,0.0,0.0,0.0,0.0,0.0,0.0,0.0,0.0,0.0,0.0,0.0,0.0,0.0,0.0,0
sub-107738,mild,84.0,20.0,64.0,0,0,0,1.81,mean_thick,-0.13,1.88,0.11,0.56,-3.97,-12.7,-0.25,1.13,1.81,1.04,-0.63,-0.36,0.0,0.0,0.0,0.0,0.0,0.0,0.0,0.0,0.0,0.0,0.0,0.0,0.0,0.0,0.0,0.0,0.0,0.0,0
sub-012322,mild,58.0,14.0,44.0,0,0,0,1.63,caudate,-1.21,1.18,-3.64,-4.64,-3.35,-18.56,-1.63,0.44,-0.52,-0.99,-0.16,-0.97,0.0,0.0,0.0,0.0,0.0,0.0,0.0,0.0,0.0,0.0,0.0,0.0,0.0,0.0,0.0,0.0,0.0,0.0,0
sub-000148,mild,46.0,19.0,27.0,0,0,0,1.61,hippocampus,-0.47,2.38,-2.71,-2.33,-2.3,-16.92,-0.67,1.61,0.06,-0.09,0.63,-0.8,0.0,0.0,0.0,0.0,0.0,0.0,0.0,0.0,0.0,0.0,0.0,0.0,0.0,0.0,0.0,0.0,0.0,0.0,0
sub-000183,mild,117.0,128.0,-11.0,0,0,0,1.37,mean_thick,-0.77,1.3,-5.02,-5.32,-4.03,0.71,-1.06,0.56,-1.37,-1.26,-0.67,1.02,0.0,0.0,0.0,0.0,0.0,0.0,0.0,0.0,0.0,0.0,0.0,0.0,0.0,0.0,0.0,0.0,0.0,0.0,0
sub-000175,mild,23.0,15.0,8.0,0,0,0,0.67,tpole,0.27,0.73,-2.81,-2.78,-3.1,-2.7,0.27,0.0,0.0,-0.26,0.02,0.67,0.0,0.0,0.0,0.0,0.0,0.0,0.0,0.0,0.0,0.0,0.0,0.0,0.0,0.0,0.0,0.0,0.0,0.0,0
sub-089207,mild,44.0,31.0,13.0,0,0,0,0.52,caudate,0.47,0.24,-2.78,-3.12,-2.98,-7.02,0.52,-0.49,0.01,-0.4,0.11,0.22,0.0,0.0,0.0,0.0,0.0,0.0,0.0,0.0,0.0,0.0,0.0,0.0,0.0,0.0,0.0,0.0,0.0,0.0,0
sub-009673,moderate,312.0,14.0,298.0,2,2,2,82.78,caudate,-90.83,-49.52,-3.46,1.7,-17.36,-34.33,-82.78,-40.4,-0.05,0.44,-2.57,-1.22,1.0,1.0,0.0,0.0,0.0,0.0,1.0,1.0,0.0,0.0,0.0,0.0,1.0,1.0,0.0,0.0,0.0,0.0,1
sub-105822,moderate,133.0,17.0,116.0,1,1,1,4.99,rmfg,1.86,0.8,-1.1,19.5,-11.47,-29.04,1.36,-0.03,1.69,4.99,-1.29,-0.74,0.0,0.0,0.0,1.0,0.0,0.0,0.0,0.0,0.0,1.0,0.0,0.0,0.0,0.0,0.0,1.0,0.0,0.0,1
sub-003617,moderate,31.0,25.0,6.0,1,1,1,4.59,mean_thick,1.14,1.87,2.84,3.08,-1.11,-0.27,0.71,0.83,4.59,0.79,0.95,1.87,0.0,0.0,1.0,0.0,0.0,0.0,0.0,0.0,1.0,0.0,0.0,0.0,0.0,0.0,1.0,0.0,0.0,0.0,1
sub-122916,moderate,81.0,17.0,64.0,1,1,0,3.89,hippocampus,0.67,5.69,-5.62,2.45,-12.32,-14.78,0.28,3.89,-1.64,0.63,-1.48,0.55,0.0,1.0,0.0,0.0,0.0,0.0,0.0,1.0,0.0,0.0,0.0,0.0,0.0,0.0,0.0,0.0,0.0,0.0,1
sub-000149,moderate,88.0,20.0,68.0,0,1,0,3.36,hippocampus,-0.35,-3.34,-2.28,2.63,-6.87,-22.45,-0.64,-3.36,0.82,0.67,-0.3,-0.15,0.0,0.0,0.0,0.0,0.0,0.0,0.0,1.0,0.0,0.0,0.0,0.0,0.0,0.0,0.0,0.0,0.0,0.0,1
sub-108142,moderate,41.0,16.0,25.0,0,1,0,3.3,mean_thick,0.67,0.71,1.09,4.75,0.59,-6.83,0.29,-0.11,3.3,1.22,1.32,1.27,0.0,0.0,0.0,0.0,0.0,0.0,0.0,0.0,1.0,0.0,0.0,0.0,0.0,0.0,0.0,0.0,0.0,0.0,1
sub-016504,moderate,189.0,14.0,175.0,0,2,0,3.27,stg,-2.69,-0.2,-5.74,5.13,-20.6,-29.08,-2.76,-0.83,-1.73,1.31,-3.27,-0.75,0.0,0.0,0.0,0.0,0.0,0.0,1.0,0.0,0.0,0.0,1.0,0.0,0.0,0.0,0.0,0.0,0.0,0.0,1
sub-000159,moderate,39.0,19.0,20.0,0,1,0,2.32,mean_thick,0.41,-1.94,-6.55,-4.93,-9.4,-27.54,0.05,-2.23,-2.32,-1.26,-0.84,-0.61,0.0,0.0,0.0,0.0,0.0,0.0,0.0,0.0,1.0,0.0,0.0,0.0,0.0,0.0,0.0,0.0,0.0,0.0,1
sub-118003,moderate,64.0,12.0,52.0,0,1,0,2.16,caudate,2.73,1.66,-4.45,-4.84,-10.1,-38.48,2.16,0.65,-0.78,-1.23,-1.0,-1.6,0.0,0.0,0.0,0.0,0.0,0.0,1.0,0.0,0.0,0.0,0.0,0.0,0.0,0.0,0.0,0.0,0.0,0.0,1
sub-000179,moderate,29.0,19.0,10.0,0,0,0,1.83,caudate,2.37,-0.94,-3.59,-2.95,-5.26,-16.67,1.83,-1.43,-0.15,-0.75,0.05,0.38,0.0,0.0,0.0,0.0,0.0,0.0,0.0,0.0,0.0,0.0,0.0,0.0,0.0,0.0,0.0,0.0,0.0,0.0,0
sub-010769,moderate,115.0,15.0,100.0,0,0,0,1.8,caudate,-1.63,1.08,-3.46,-0.45,-11.19,-34.68,-1.8,0.2,-0.05,-0.11,-1.23,-1.25,0.0,0.0,0.0,0.0,0.0,0.0,0.0,0.0,0.0,0.0,0.0,0.0,0.0,0.0,0.0,0.0,0.0,0.0,0
sub-012322,moderate,47.0,14.0,33.0,0,0,0,1.57,hippocampus,-0.43,2.8,-3.98,0.48,-4.92,-24.64,-0.72,1.57,-0.43,0.13,0.13,-0.34,0.0,0.0,0.0,0.0,0.0,0.0,0.0,0.0,0.0,0.0,0.0,0.0,0.0,0.0,0.0,0.0,0.0,0.0,0
sub-107738,moderate,92.0,20.0,72.0,0,0,0,1.41,rmfg,0.72,-0.15,-2.3,-5.53,-1.7,-8.46,0.33,-0.79,0.81,-1.41,0.83,1.12,0.0,0.0,0.0,0.0,0.0,0.0,0.0,0.0,0.0,0.0,0.0,0.0,0.0,0.0,0.0,0.0,0.0,0.0,0
sub-000103,moderate,63.0,40.0,23.0,0,0,0,1.4,caudate,-1.19,1.18,-2.15,-2.74,-5.56,-24.12,-1.4,0.27,0.91,-0.7,-0.01,-0.3,0.0,0.0,0.0,0.0,0.0,0.0,0.0,0.0,0.0,0.0,0.0,0.0,0.0,0.0,0.0,0.0,0.0,0.0,0
sub-012059,moderate,32.0,22.0,10.0,0,0,0,1.39,tpole,0.57,1.71,-2.86,-1.01,-5.46,-5.49,0.19,0.7,0.4,-0.25,0.01,1.39,0.0,0.0,0.0,0.0,0.0,0.0,0.0,0.0,0.0,0.0,0.0,0.0,0.0,0.0,0.0,0.0,0.0,0.0,0
sub-000175,moderate,29.0,15.0,14.0,0,0,0,1.34,tpole,-0.77,1.58,-2.62,-2.65,-3.61,-6.07,-1.02,0.59,0.57,-0.67,0.41,1.34,0.0,0.0,0.0,0.0,0.0,0.0,0.0,0.0,0.0,0.0,0.0,0.0,0.0,0.0,0.0,0.0,0.0,0.0,0
sub-000148,moderate,48.0,19.0,29.0,0,0,0,0.65,rmfg,-0.18,1.53,-3.1,-2.57,-3.38,-18.01,-0.49,0.55,0.21,-0.65,0.46,0.26,0.0,0.0,0.0,0.0,0.0,0.0,0.0,0.0,0.0,0.0,0.0,0.0,0.0,0.0,0.0,0.0,0.0,0.0,0
sub-000183,moderate,234.0,128.0,106.0,0,0,0,0.52,hippocampus,0.42,0.19,-3.45,-0.86,-7.92,-19.25,0.06,-0.52,-0.04,-0.22,-0.52,0.15,0.0,0.0,0.0,0.0,0.0,0.0,0.0,0.0,0.0,0.0,0.0,0.0,0.0,0.0,0.0,0.0,0.0,0.0,0
sub-067018,moderate,52.0,21.0,31.0,0,0,0,0.5,tpole,-0.05,0.83,-3.4,1.46,-4.3,-15.36,-0.36,-0.01,-0.01,0.38,0.26,0.5,0.0,0.0,0.0,0.0,0.0,0.0,0.0,0.0,0.0,0.0,0.0,0.0,0.0,0.0,0.0,0.0,0.0,0.0,0
sub-089207,moderate,38.0,31.0,7.0,0,0,0,0.3,stg,0.3,0.85,-3.39,0.42,-4.14,-24.09,-0.05,0.01,0.01,0.11,0.3,-0.29,0.0,0.0,0.0,0.0,0.0,0.0,0.0,0.0,0.0,0.0,0.0,0.0,0.0,0.0,0.0,0.0,0.0,0.0,0
