rh.aparc.thickness,rh_bankssts_thickness,rh_caudalanteriorcingulate_thickness,rh_caudalmiddlefrontal_thickness,rh_cuneus_thickness,rh_entorhinal_thickness,rh_fusiform_thickness,rh_inferiorparietal_thickness,rh_inferiortemporal_thickness,rh_isthmuscingulate_thickness,rh_lateraloccipital_thickness,rh_lateralorbitofrontal_thickness,rh_lingual_thickness,rh_medialorbitofrontal_thickness,rh_middletemporal_thickness,rh_parahippocampal_thickness,rh_paracentral_thickness,rh_parsopercularis_thickness,rh_parsorbitalis_thickness,rh_parstriangularis_thickness,rh_pericalcarine_thickness,rh_postcentral_thickness,rh_posteriorcingulate_thickness,rh_precentral_thickness,rh_precuneus_thickness,rh_rostralanteriorcingulate_thickness,rh_rostralmiddlefrontal_thickness,rh_superiorfrontal_thickness,rh_superiorparietal_thickness,rh_superiortemporal_thickness,rh_supramarginal_thickness,rh_frontalpole_thickness,rh_temporalpole_thickness,rh_transversetemporal_thickness,rh_insula_thickness,rh_MeanThickness_thickness,BrainSegVolNotVent,eTIV
mrart_sub-000103_acq-standard_T1w,2.676,2.337,2.648,1.787,3.101,2.774,2.677,2.761,2.245,2.214,2.733,1.931,2.501,2.893,2.992,2.515,2.739,2.8,2.595,1.422,2.182,2.415,2.71,2.425,3.03,2.503,2.671,2.228,2.972,2.867,2.7,4.14,2.346,3.22,2.56627,1216003.0,1671740.219276
mrart_sub-000148_acq-standard_T1w,2.768,2.7,2.512,1.868,3.236,2.727,2.572,2.597,2.23,2.285,2.549,2.054,2.33,2.841,2.764,2.442,2.66,2.431,2.561,1.681,1.915,2.463,2.525,2.391,2.815,2.285,2.757,2.177,2.7,2.659,2.786,3.549,2.185,2.862,2.46579,1033302.0,1387190.147887
mrart_sub-000149_acq-standard_T1w,2.528,2.421,2.348,1.813,3.12,2.594,2.409,2.469,2.209,2.225,2.616,1.78,2.283,2.699,2.567,2.475,2.539,2.561,2.322,1.374,1.931,2.581,2.402,2.417,2.628,2.172,2.624,2.027,2.758,2.337,2.473,3.696,2.043,2.785,2.36595,1152713.0,1654229.758633
mrart_sub-000159_acq-standard_T1w,2.842,2.652,2.917,1.847,3.012,2.773,2.698,2.758,2.555,2.339,2.396,1.959,2.457,2.996,2.532,2.974,2.987,2.907,2.637,1.369,2.339,2.725,2.817,2.587,2.807,2.38,2.78,2.332,3.167,2.844,2.757,3.779,3.02,2.939,2.62864,1205417.0,1637731.187565
mrart_sub-000175_acq-standard_T1w,2.544,2.39,2.663,1.742,2.974,2.672,2.399,2.761,2.361,2.199,2.73,1.941,2.387,2.883,2.512,2.402,2.576,2.661,2.437,1.575,2.007,2.653,2.558,2.285,2.98,2.289,2.654,2.028,2.839,2.609,2.678,3.771,2.477,2.844,2.44276,1230996.0,1778610.241325
mrart_sub-000179_acq-standard_T1w,2.429,2.695,2.63,1.752,2.73,2.371,2.242,2.508,2.36,2.06,2.344,1.798,2.244,2.774,2.881,2.39,2.746,2.574,2.478,1.472,1.923,2.224,2.504,2.155,2.588,2.297,2.702,1.929,2.719,2.527,2.878,3.362,2.197,2.929,2.33874,1101639.0,1587185.882606
mrart_sub-000183_acq-standard_T1w,2.869,2.513,2.706,1.911,3.541,2.862,2.519,2.871,2.376,2.059,2.95,1.91,2.427,3.016,2.631,2.705,2.769,2.969,2.613,1.51,1.922,2.682,2.642,2.418,2.723,2.459,2.94,2.143,3.099,2.767,3.063,3.452,2.936,3.203,2.57723,1240208.0,1769151.611294
mrart_sub-003617_acq-standard_T1w,2.529,2.392,2.48,1.584,3.398,2.696,2.565,2.69,2.288,2.24,2.582,1.796,2.196,2.932,2.587,2.332,2.537,2.683,2.558,1.339,1.703,2.314,2.164,2.315,2.57,2.348,2.501,2.035,2.853,2.556,2.591,3.527,2.158,2.887,2.39533,1035973.0,1475259.864876
mrart_sub-009673_acq-standard_T1w,2.559,2.497,2.808,1.957,3.207,2.895,2.514,2.736,2.301,2.326,2.707,2.051,2.483,2.944,2.725,2.401,2.891,2.655,2.644,1.616,2.115,2.543,2.696,2.372,2.844,2.42,3.011,2.205,3.09,2.683,3.378,3.715,2.946,2.938,2.5827,1158436.0,1637210.410853
mrart_sub-010769_acq-standard_T1w,2.514,2.3,2.694,1.835,3.246,2.734,2.559,2.575,2.33,2.201,2.604,1.841,2.624,2.874,2.775,2.59,2.738,2.7,2.688,1.511,2.135,2.433,2.696,2.432,2.956,2.525,2.943,2.142,2.854,2.506,2.673,3.729,2.656,2.92,2.52159,1212520.0,1696330.411823
mrart_sub-012059_acq-standard_T1w,2.658,2.395,2.811,1.811,3.053,2.746,2.552,2.673,2.308,2.239,2.695,2.039,2.329,2.936,2.607,2.782,2.732,2.912,2.736,1.637,2.154,2.368,2.834,2.553,2.622,2.35,2.856,2.308,2.869,2.735,2.789,3.446,2.259,2.955,2.55843,1104368.0,1510339.222767
mrart_sub-012322_acq-standard_T1w,2.373,2.49,2.591,1.848,2.749,2.544,2.418,2.667,2.462,1.929,2.441,1.931,2.373,2.643,2.436,2.711,2.575,2.373,2.502,1.593,2.023,2.388,2.552,2.302,2.799,2.231,2.693,1.968,2.823,2.642,2.397,3.85,2.2,2.861,2.39214,1179903.0,1667777.291292
mrart_sub-016504_acq-standard_T1w,2.662,2.435,2.847,2.032,3.266,2.862,2.56,2.986,2.32,2.363,2.649,1.903,2.322,3.068,2.777,2.752,2.769,2.793,2.617,1.589,2.361,2.545,2.879,2.53,2.596,2.357,2.894,2.295,3.081,2.897,2.621,3.911,2.854,2.895,2.62729,1243977.0,1759480.044273
mrart_sub-067018_acq-standard_T1w,2.6,2.498,2.524,1.972,3.184,2.794,2.521,2.804,2.314,2.235,2.672,2.02,2.313,2.957,2.857,2.561,2.513,2.529,2.608,1.56,2.151,2.446,2.638,2.484,2.932,2.33,2.728,2.209,3.05,2.643,2.782,3.966,2.621,3.066,2.52713,1195369.0,1636754.879893
mrart_sub-089207_acq-standard_T1w,2.822,2.202,2.54,1.862,3.965,2.776,2.558,2.772,2.244,2.275,2.812,2.101,2.318,3.087,2.607,2.336,2.724,2.783,2.378,1.365,2.112,2.402,2.648,2.391,2.633,2.168,2.647,2.13,3.088,2.745,2.856,4.027,2.278,3.057,2.51155,1262726.0,1832943.110936
mrart_sub-105822_acq-standard_T1w,2.485,2.49,2.437,1.624,3.208,2.588,2.409,2.699,2.326,2.223,2.369,1.823,2.143,2.734,2.647,2.3,2.436,2.478,2.421,1.425,2.112,2.305,2.413,2.257,2.453,2.053,2.532,2.069,2.738,2.414,2.375,4.09,2.235,2.759,2.34685,990593.0,1431126.502624
mrart_sub-107738_acq-standard_T1w,2.677,2.559,2.483,1.782,3.342,2.509,2.506,2.728,2.405,1.966,2.394,1.87,2.232,2.872,2.799,2.355,2.715,2.718,2.487,1.413,2.079,2.344,2.61,2.284,2.554,2.133,2.51,1.95,2.856,2.437,2.345,3.867,2.529,3.073,2.37895,1335401.0,1910041.147192
mrart_sub-108142_acq-standard_T1w,2.766,2.465,2.736,1.857,3.018,2.765,2.501,2.713,2.358,2.262,2.744,1.908,2.518,2.862,2.629,2.302,2.938,2.789,2.603,1.534,2.309,2.546,2.003,2.289,3.067,2.409,2.857,2.144,2.77,2.682,2.654,3.959,2.27,3.112,2.51154,1217450.0,1694758.212991
mrart_sub-118003_acq-standard_T1w,2.745,2.458,2.554,1.746,3.087,2.729,2.63,2.68,2.53,2.314,2.554,1.804,2.366,2.986,2.483,2.541,2.657,2.592,2.249,1.332,2.104,2.583,2.613,2.545,2.8,2.4,2.766,2.29,2.843,2.707,2.767,3.771,2.035,2.766,2.52452,1058810.0,1443635.246551
mrart_sub-122916_acq-standard_T1w,2.669,2.456,2.792,1.859,2.804,2.759,2.714,2.791,2.497,2.292,2.655,1.898,2.376,3.054,2.408,2.447,2.741,2.923,2.667,1.453,2.706,2.523,2.257,2.571,2.719,2.507,2.984,2.357,2.993,2.887,2.897,3.708,2.944,3.044,2.62099,1054572.0,1465727.798816
mrart_sub-000103_acq-headmotion1_T1w,2.78,2.354,2.617,1.82,3.066,2.731,2.668,2.715,2.368,2.206,2.683,1.968,2.49,2.85,2.983,2.387,2.716,2.694,2.46,1.472,2.165,2.438,2.654,2.331,2.987,2.355,2.57,2.192,2.98,2.793,2.399,3.72,2.432,3.184,2.52189,1204540.0,1672950.172906
mrart_sub-000103_acq-headmotion2_T1w,2.666,2.276,2.359,1.845,2.843,2.68,2.603,2.645,2.354,2.318,2.651,2.119,2.46,2.776,2.883,2.429,2.58,2.825,2.448,1.666,2.047,2.386,2.653,2.384,2.389,2.441,2.568,2.253,2.792,2.645,2.65,3.006,2.578,3.118,2.4968,1177888.0,1661969.917205
mrart_sub-000148_acq-headmotion1_T1w,2.691,2.864,2.297,1.81,2.894,2.6,2.451,2.482,2.277,2.234,2.611,2.044,2.425,2.745,2.572,2.444,2.681,2.606,2.541,1.604,1.909,2.492,2.451,2.184,2.97,2.23,2.714,2.083,2.724,2.684,2.779,2.83,2.092,2.968,2.41064,1017036.0,1388821.048789
mrart_sub-000148_acq-headmotion2_T1w,2.656,2.637,2.254,1.862,2.833,2.58,2.402,2.476,2.389,2.213,2.381,2.064,2.351,2.714,2.55,2.36,2.698,2.473,2.562,1.545,1.932,2.399,2.374,2.24,3.059,2.212,2.767,2.069,2.623,2.555,2.704,2.548,2.092,2.924,2.38058,1012896.0,1387004.71276
mrart_sub-000149_acq-headmotion1_T1w,2.268,2.35,2.253,1.901,2.528,2.278,2.308,2.526,2.226,2.273,2.307,1.846,2.22,2.515,2.397,2.445,2.361,2.431,2.226,1.749,1.933,2.466,2.202,2.229,2.455,2.247,2.705,2.199,2.63,2.145,2.463,3.29,2.135,2.709,2.31372,1138429.0,1658261.411953
mrart_sub-000149_acq-headmotion2_T1w,2.389,2.338,2.252,2.076,2.663,2.291,2.219,2.297,2.037,2.318,2.522,1.842,2.358,2.512,2.29,2.507,2.387,2.485,2.289,1.871,1.984,2.499,2.3,2.301,2.623,2.217,2.615,2.136,2.585,2.151,2.217,2.641,1.917,2.614,2.30728,1126181.0,1652018.50657
mrart_sub-000159_acq-headmotion1_T1w,2.763,2.551,2.509,1.907,2.779,2.681,2.523,2.575,2.556,2.329,2.376,2.008,2.399,2.888,2.408,2.653,2.842,2.581,2.539,1.474,2.256,2.612,2.657,2.453,2.691,2.137,2.431,2.156,3.025,2.665,2.233,2.99,2.881,3.008,2.47949,1158790.0,1634524.017806
mrart_sub-000159_acq-headmotion2_T1w,2.609,2.58,2.693,1.895,2.612,2.594,2.493,2.507,2.361,2.322,2.537,1.981,2.414,2.849,2.335,2.629,2.843,2.639,2.605,1.455,2.214,2.547,2.586,2.407,2.539,2.304,2.585,2.142,2.871,2.616,2.848,2.895,2.967,2.893,2.47598,1163659.0,1638917.707447
mrart_sub-000175_acq-headmotion1_T1w,2.536,2.561,2.418,1.863,3.003,2.658,2.338,2.836,2.492,2.223,2.514,2.081,2.357,2.823,2.467,2.038,2.433,2.495,2.421,1.635,2.151,2.582,1.927,2.182,2.953,2.264,2.498,1.993,2.784,2.489,2.626,3.717,2.314,2.797,2.38557,1205506.0,1779388.771057
mrart_sub-000175_acq-headmotion2_T1w,2.526,2.544,2.447,1.763,2.999,2.693,2.351,2.788,2.36,2.144,2.62,1.95,2.442,2.799,2.576,2.058,2.453,2.523,2.438,1.63,2.246,2.723,1.931,2.171,2.966,2.314,2.466,2.07,2.758,2.573,2.733,3.397,2.218,2.76,2.39006,1209407.0,1780867.333864
mrart_sub-000179_acq-headmotion1_T1w,2.404,2.785,2.6,1.647,2.645,2.387,2.158,2.539,2.293,2.041,2.524,1.772,2.221,2.734,2.804,2.304,2.728,2.543,2.444,1.447,1.901,2.285,2.438,2.04,2.597,2.328,2.749,1.882,2.703,2.399,2.635,3.344,2.023,2.793,2.31005,1099248.0,1585636.15161
mrart_sub-000179_acq-headmotion2_T1w,2.252,2.692,2.41,1.708,2.42,2.344,2.18,2.487,2.268,1.962,2.377,1.774,2.252,2.559,2.768,2.295,2.674,2.468,2.428,1.456,1.857,2.191,2.394,2.032,2.314,2.263,2.601,1.874,2.521,2.398,2.627,2.704,1.959,2.718,2.24717,1092338.0,1579059.882076
mrart_sub-000183_acq-headmotion1_T1w,2.713,2.452,2.588,1.845,3.494,2.72,2.358,2.625,2.311,2.001,2.752,1.91,2.217,2.983,2.555,2.505,2.569,2.916,2.574,1.67,1.991,2.64,2.386,2.186,2.484,2.323,2.923,2.027,3.016,2.499,2.883,3.686,2.914,3.179,2.46585,1229736.0,1759421.131149
mrart_sub-000183_acq-headmotion2_T1w,2.756,2.529,2.601,2.139,2.996,2.84,2.358,2.731,2.104,2.256,2.522,2.164,2.74,2.78,2.518,2.56,2.75,2.751,2.616,1.977,2.159,2.625,2.568,2.252,2.564,2.547,2.948,2.203,2.922,2.648,2.722,2.88,2.639,2.819,2.55002,1163415.0,1718068.797033
mrart_sub-003617_acq-headmotion1_T1w,2.519,2.479,2.491,1.693,3.393,2.811,2.548,2.714,2.297,2.303,2.67,1.907,2.12,2.994,2.63,2.295,2.438,2.67,2.536,1.448,1.749,2.468,2.232,2.262,2.514,2.264,2.403,2.059,2.767,2.444,2.522,3.628,2.107,2.786,2.39476,1025494.0,1471853.050147
mrart_sub-003617_acq-headmotion2_T1w,2.628,2.493,2.501,1.761,3.092,2.785,2.611,2.715,2.319,2.355,2.696,1.962,2.327,3.036,2.606,2.477,2.585,2.702,2.715,1.489,1.86,2.52,2.369,2.324,2.785,2.413,2.579,2.114,2.835,2.573,2.505,3.407,2.105,2.823,2.47706,1024822.0,1467258.048731
mrart_sub-009673_acq-headmotion1_T1w,2.567,2.317,2.716,1.889,3.192,2.872,2.502,2.696,2.218,2.289,2.64,1.969,2.381,2.914,2.638,2.387,2.834,2.649,2.498,1.516,2.094,2.491,2.697,2.262,2.837,2.359,2.858,2.168,3.086,2.597,3.522,3.579,2.918,2.93,2.52573,1159483.0,1643357.88696
mrart_sub-009673_acq-headmotion2_T1w,2.417,2.225,2.243,2.513,1.89,2.502,2.353,2.363,2.323,2.617,2.129,2.393,2.009,2.484,2.139,2.575,2.436,2.778,2.593,2.593,2.542,2.706,2.535,2.614,2.224,2.588,2.851,2.485,2.602,2.48,1.018,2.198,2.873,2.761,2.53106,722416.0,1567974.056444
mrart_sub-010769_acq-headmotion1_T1w,2.445,2.315,2.657,1.897,2.867,2.584,2.524,2.358,2.222,2.229,2.388,1.954,2.458,2.645,2.751,2.469,2.558,2.596,2.548,1.65,2.129,2.345,2.583,2.399,3.072,2.361,2.765,2.183,2.657,2.538,2.228,3.038,2.558,2.883,2.43626,1165687.0,1683296.741824
mrart_sub-010769_acq-headmotion2_T1w,2.249,2.632,2.722,1.986,2.61,2.536,2.489,2.529,2.234,2.183,2.433,2.006,2.476,2.603,2.546,2.591,2.689,2.421,2.648,1.587,2.203,2.469,2.628,2.338,2.989,2.475,2.72,2.137,2.443,2.441,2.529,2.424,2.386,2.874,2.43562,1156206.0,1675653.467569
mrart_sub-012059_acq-headmotion1_T1w,2.306,2.337,2.571,1.994,2.998,2.542,2.405,2.532,2.349,2.217,2.543,2.041,2.334,2.864,2.469,2.656,2.558,2.862,2.802,1.7,2.182,2.294,2.661,2.415,2.67,2.323,2.787,2.212,2.763,2.583,2.773,3.294,2.21,2.963,2.47716,1077661.0,1500027.727689
mrart_sub-012059_acq-headmotion2_T1w,2.511,2.388,2.773,1.777,2.59,2.626,2.492,2.634,2.433,2.251,2.679,1.944,2.473,2.775,2.573,2.685,2.652,2.765,2.73,1.565,2.17,2.321,2.717,2.475,2.549,2.402,2.806,2.292,2.774,2.612,3.05,3.418,2.188,2.911,2.50715,1084478.0,1494291.907799
mrart_sub-012322_acq-headmotion1_T1w,2.243,2.401,2.502,1.806,2.543,2.36,2.305,2.509,2.268,1.866,2.461,1.811,2.395,2.635,2.26,2.398,2.531,2.22,2.503,1.537,2.084,2.264,2.47,2.178,2.748,2.12,2.494,1.938,2.777,2.621,2.287,3.056,2.19,2.665,2.2997,1169992.0,1669203.129408
mrart_sub-012322_acq-headmotion2_T1w,2.293,2.356,2.462,1.881,1.995,2.434,2.248,2.612,2.259,1.969,2.394,1.886,2.554,2.584,2.409,2.374,2.371,2.32,2.501,1.596,1.968,2.289,2.358,2.213,2.496,2.274,2.487,1.926,2.696,2.401,2.693,2.898,2.187,2.772,2.29418,1156384.0,1665727.815235
mrart_sub-016504_acq-headmotion1_T1w,2.277,2.585,2.848,1.824,2.717,2.492,2.209,2.445,2.348,1.992,2.45,1.879,2.294,2.522,2.399,2.488,2.825,2.593,2.692,1.597,2.197,2.644,2.646,2.229,2.988,2.384,2.775,2.033,2.742,2.625,2.326,3.238,2.35,2.907,2.40517,1198925.0,1759735.064254
mrart_sub-016504_acq-headmotion2_T1w,2.323,2.472,2.713,2.046,2.91,2.759,2.085,2.394,2.305,2.221,2.607,2.265,2.469,2.578,2.284,2.661,2.925,2.847,2.712,1.989,2.238,2.784,2.473,2.455,2.801,2.524,2.7,2.217,2.474,2.513,2.629,2.951,2.728,2.966,2.46601,1086790.0,1715775.212137
mrart_sub-067018_acq-headmotion1_T1w,2.515,2.521,2.353,1.786,3.221,2.662,2.349,2.716,2.274,2.087,2.515,1.952,2.207,2.852,2.761,2.299,2.473,2.538,2.577,1.507,2.013,2.43,2.397,2.302,2.944,2.34,2.705,2.031,2.917,2.407,3.018,3.733,2.361,3.042,2.41066,1192261.0,1645494.469198
mrart_sub-067018_acq-headmotion2_T1w,2.46,2.482,2.472,1.874,3.47,2.743,2.332,2.755,2.158,2.135,2.696,1.951,2.33,2.734,2.674,2.461,2.452,2.564,2.588,1.553,2.085,2.459,2.467,2.322,2.867,2.388,2.738,2.078,2.944,2.455,2.782,3.363,2.591,3.065,2.44289,1182263.0,1643107.063992
mrart_sub-089207_acq-headmotion1_T1w,2.56,2.174,2.509,1.812,3.985,2.661,2.431,2.664,2.297,2.182,2.81,2.064,2.289,2.968,2.512,2.245,2.769,2.796,2.459,1.503,2.054,2.381,2.544,2.316,2.644,2.165,2.651,2.028,2.962,2.581,2.743,3.728,2.108,3.053,2.44432,1248148.0,1834621.825114
mrart_sub-089207_acq-headmotion2_T1w,2.734,2.243,2.442,1.865,3.201,2.781,2.42,2.694,2.216,2.239,2.72,2.118,2.415,2.993,2.552,2.23,2.67,2.788,2.413,1.402,1.961,2.324,2.563,2.335,2.639,2.243,2.594,2.061,2.969,2.623,3.02,2.837,2.226,3.018,2.44884,1242028.0,1839141.476856
mrart_sub-105822_acq-headmotion2_T1w,2.172,2.544,2.392,1.922,2.624,2.391,2.257,2.341,2.115,2.136,2.783,2.048,2.589,2.446,2.39,2.196,2.209,2.822,2.618,1.882,2.161,2.42,2.233,2.133,2.566,2.527,2.602,1.975,2.391,2.339,3.121,2.652,1.935,2.585,2.3212,876936.0,1403305.936819
mrart_sub-107738_acq-headmotion1_T1w,2.52,2.48,2.517,2.05,2.91,2.312,2.573,2.524,2.453,2.175,2.356,1.999,2.161,2.796,2.629,2.379,2.74,2.764,2.656,1.748,2.167,2.412,2.632,2.398,2.438,2.301,2.478,2.18,2.831,2.52,2.473,3.353,2.716,3.082,2.43085,1287337.0,1897034.733
mrart_sub-107738_acq-headmotion2_T1w,2.717,2.676,2.43,1.81,3.189,2.482,2.448,2.461,2.419,2.052,2.57,1.967,2.233,2.753,2.714,2.175,2.64,2.697,2.496,1.687,2.084,2.46,2.461,2.105,2.647,2.113,2.407,1.966,2.833,2.473,2.145,3.524,2.523,3.04,2.34814,1288875.0,1890619.160999
mrart_sub-108142_acq-headmotion1_T1w,2.868,2.516,2.75,1.812,2.909,2.773,2.556,2.717,2.495,2.258,2.701,1.855,2.435,2.882,2.752,2.12,2.935,2.85,2.629,1.566,2.351,2.615,1.996,2.133,3.011,2.51,2.899,2.109,2.84,2.683,2.76,3.763,2.256,3.195,2.52917,1211407.0,1697181.144996
mrart_sub-108142_acq-headmotion2_T1w,2.897,2.496,2.725,1.871,3.014,2.699,2.569,2.661,2.493,2.308,2.751,1.883,2.748,2.857,2.685,2.311,3.016,2.826,2.616,1.623,2.336,2.473,2.027,2.147,3.124,2.611,2.895,2.161,2.817,2.662,2.658,3.592,2.292,3.037,2.54912,1206128.0,1695227.966276
mrart_sub-118003_acq-headmotion1_T1w,2.766,2.553,2.587,1.916,2.714,2.613,2.448,2.673,2.478,2.212,2.516,1.91,2.438,2.935,2.45,2.499,2.759,2.735,2.308,1.589,2.079,2.723,2.412,2.445,2.635,2.396,2.751,2.256,2.756,2.571,2.867,2.682,2.081,2.75,2.4732,1039376.0,1447406.571317
mrart_sub-118003_acq-headmotion2_T1w,2.474,2.637,2.682,1.843,2.434,2.487,2.503,2.495,2.342,2.219,2.592,1.848,2.431,2.68,2.402,2.522,2.472,2.5,2.266,1.398,2.026,2.762,2.346,2.334,2.737,2.344,2.783,2.275,2.585,2.44,3.049,2.133,2.031,2.684,2.40927,1016291.0,1443144.295416
mrart_sub-122916_acq-headmotion1_T1w,2.58,2.505,2.59,1.851,2.806,2.603,2.485,2.756,2.409,2.252,2.506,1.864,2.324,3.014,2.368,2.233,2.489,2.697,2.587,1.52,2.472,2.314,2.143,2.369,2.417,2.485,2.805,2.24,2.92,2.701,3.159,3.689,2.638,2.939,2.4983,1039646.0,1465802.736665
mrart_sub-122916_acq-headmotion2_T1w,2.381,2.747,2.573,1.969,2.332,2.438,2.457,2.599,2.415,2.382,2.784,1.991,2.622,2.772,2.515,2.544,2.333,3.021,2.807,2.011,2.157,2.52,2.45,2.286,2.46,2.651,2.924,2.203,2.738,2.555,2.96,3.085,2.932,2.744,2.4999,971805.0,1452647.464949
